"id","en","ar","group","sub","origin","status","road","parentId","duplicateOf","url","candidateUrl","screenshot","screenshotState","screenshotEvidence","linkState","linkIdentity","linkTitle"
"modelbuilder","ArcGIS ModelBuilder Final Assessment","اختبار ArcGIS ModelBuilder النهائي","Education","GIS assessment","Notaq","live","","","","https://arcgis-modelbuilder-final-exam.ai.studio/","https://arcgis-modelbuilder-final-exam.ai.studio/","/screenshots/modelbuilder-live.jpg","verified","Captured directly from the project's own live interface at https://arcgis-modelbuilder-final-exam.ai.studio/. The live page title/content includes project-specific terms: arcgis, modelbuilder.","reachable","confirmed","ArcGIS ModelBuilder Final Exam | GIS Professional Assessment"
"albakhira-events","Albakhira Events Hall","قاعة البخيرة للمناسبات","Business","Venue website","Notaq","live","","","","https://albakhira-hall.vercel.app/","https://albakhira-hall.vercel.app/","/screenshots/albakhira-events-live.jpg","verified","Captured directly from the project's own live interface at https://albakhira-hall.vercel.app/. The live page title/content includes project-specific terms: hall, قاعة.","reachable","confirmed","الرئيسية | قاعة الباخرة للاحتفالات بجدة - الحرازات"
"albakhira-content","Albakhira Digital Content Platform","منصة البخيرة للمحتوى الرقمي","Platforms","Digital content","Notaq","catalog","","albakhira-events","","","https://albakhira-social-media.vercel.app/","","pending","The Notaq destination displays the Al Bakhira celebration hall and booking/contact details, not a digital content platform. This page is not used as screenshot evidence for this project.","reachable","mismatch","قاعة الباخرة للاحتفالات بجدة | حجز وتواصل مباشر"
"academy-live","Academy Live Learning Platform","أكاديمية لايف التعليمية","Education","E-learning","Notaq","live","","","","https://academy-live.vercel.app/","https://academy-live.vercel.app/","/screenshots/academy-live-live.jpg","verified","Captured directly from the project's own live interface at https://academy-live.vercel.app/. The Notaq-linked page is an Arabic teacher-led learning platform with lessons, exams and student progress content; the different title is the teacher's name.","reachable","confirmed","منصة الأستاذ عُبيدة"
"elite-management","Elite Business Management","نظام إيليت لإدارة الأعمال","Systems","Management system","Notaq","catalog","","elite-one","","","https://elite-mange.vercel.app/","","pending","The Notaq destination is the Elite Catering public marketing site; it does not identify or present the catalogued business-management system. This page is not used as screenshot evidence for this project.","reachable","mismatch","النخبة للحفلات والإعاشة | Elite Catering"
"elite-one","Elite One","إيليت ون","Business","Business website","Notaq","live","","","","https://elite-one-blush.vercel.app/","https://elite-one-blush.vercel.app/","/screenshots/elite-one-live.jpg","verified","Captured directly from the project's own live interface at https://elite-one-blush.vercel.app/. The live page title/content includes project-specific terms: elite, ايليت.","reachable","confirmed","إيليت | النخبة للحفلات والإعاشة"
"empire-store","Empire Store","متجر إمباير","Commerce","E-commerce","Notaq","live","","","","https://empire-store-pearl.vercel.app/","https://empire-store-pearl.vercel.app/","/screenshots/empire-store-live.jpg","verified","Captured directly from the project's own live interface at https://empire-store-pearl.vercel.app/. The Notaq-linked storefront identifies itself as Empire Brand and presents Egyptian streetwear products.","reachable","confirmed","Empire Brand | Egyptian Streetwear"
"ai-studio","AI Services Studio","استوديو خدمات الذكاء الاصطناعي","AI","AI services","Notaq","catalog","","","","","https://service-4321.ai.studio/","","pending","The Notaq destination identifies a celebration venue, not an AI services studio. This page is not used as screenshot evidence for this project.","reachable","mismatch","قاعة الياقوت"
"cloud-platform","Cloud Services Platform","منصة الخدمات السحابية","Platforms","Cloud application","Notaq","catalog","","","","","https://service-339591511497.europe-west3.run.app/","","pending","The Notaq link resolves to a Mostaka personal-care storefront, not a cloud services platform. This page is not used as screenshot evidence for this project.","reachable","mismatch","مستكة | عروض العناية الفائقة (باقة لمسة & باقة الروزماري بـ 99 ر.س)"
"offer-landing","Special Offer Landing Page","صفحة عرض خاص","Business","Landing page","Notaq","live","","","","https://service-339591511497.europe-west3.run.app/?offer=1","https://service-339591511497.europe-west3.run.app/?offer=1","/screenshots/offer-landing-live.jpg","verified","Captured directly from the project's own live interface at https://service-339591511497.europe-west3.run.app/?offer=1. The direct Notaq destination opens a branded special-offer storefront page.","reachable","confirmed","مستكة | عروض العناية الفائقة (باقة لمسة & باقة الروزماري بـ 99 ر.س)"
"kids-maps","Interactive Maps for Kids","خرائط تفاعلية للأطفال","Education","Interactive maps","Notaq","live","","kunuz","","https://map-kids-theta.vercel.app/","https://map-kids-theta.vercel.app/","/screenshots/kids-maps-live.jpg","verified","Captured directly from the project's own live interface at https://map-kids-theta.vercel.app/. The linked page identifies an educational map experience for children and fifth-grade Egyptian curriculum content.","reachable","confirmed","الخرائط التعليمية الذكية - كنوز مصر للصف الخامس الابتدائي"
"teba-store","Teba Store","متجر طيبة","Commerce","E-commerce","Notaq","catalog","","","","","https://teba-store.vercel.app/","","pending","The Notaq destination is a Qasr Tayiba Palace teaser page and does not present the catalogued Teba Store. This page is not used as screenshot evidence for this project.","reachable","mismatch","Qasr Tayiba Palace"
"nemora","Nemora Printed Apparel","ملابس نيمورا المطبوعة","Commerce","Apparel store","Notaq","live","","","","https://nemora.vercel.app/","https://nemora.vercel.app/","/screenshots/nemora-live.jpg","verified","Captured directly from the project's own live interface at https://nemora.vercel.app/. The live page title/content includes project-specific terms: nemora, printed, apparel.","reachable","confirmed","nemora - Custom Printed Apparel"
"museum","Grand Egyptian Museum Experience","تجربة المتحف المصري الكبير","Culture","Cultural experience","Notaq","live","","","","https://egyptian-museum-theta.vercel.app/","https://egyptian-museum-theta.vercel.app/","/screenshots/museum-live.jpg","verified","Captured directly from the project's own live interface at https://egyptian-museum-theta.vercel.app/. The live page title/content includes project-specific terms: grand, egyptian, museum, تجربة, المتحف, المصري.","reachable","confirmed","Grand Egyptian Museum New"
"geoinfo-site","GeoInformatics GIS","موقع جيوانفورماتكس GIS","GIS","GIS website","Notaq","live","","","","https://geo-informatics-for-information-sys-eight.vercel.app/","https://geo-informatics-for-information-sys-eight.vercel.app/","/screenshots/geoinfo-site-live.jpg","verified","Captured directly from the project's own live interface at https://geo-informatics-for-information-sys-eight.vercel.app/. The live page title/content includes project-specific terms: geoinformatics, gis.","reachable","confirmed","GeoInformatics"
"reeq-store","Reeq Water Store","متجر مياه ريق","Commerce","E-commerce","Notaq","live","","","","https://xn--wgb8axa.com/","https://xn--wgb8axa.com/","/screenshots/reeq-store-live.jpg","verified","Captured directly from the project's own live interface at https://xn--wgb8axa.com/. The live page title/content includes project-specific terms: water, store, متجر, مياه, ريق.","reachable","confirmed","متجر ريق | توصيل مياه الشرب والعروض في الرياض"
"mahrous-esraa","Mahrous & Esraa — Digital Invitation","دعوة محروس وإسراء الرقمية","Business","Digital invitation","Notaq","live","","","","https://mahrous-esraa.vercel.app/","https://mahrous-esraa.vercel.app/","/screenshots/mahrous-esraa-live.jpg","verified","Captured directly from the project's own live interface at https://mahrous-esraa.vercel.app/. The destination title and page content identify the Mahrous & Esraa wedding invitation, despite the different Notaq listing heading.","reachable","confirmed","Mahrous & Esraa — Wedding Invitation | 24 March 2026"
"kunuz","Kunuz Misr Interactive Maps","كنوز مصر — خرائط تفاعلية","Education","Learning maps","Notaq","live","","","","https://platform-map-1.vercel.app/","https://platform-map-1.vercel.app/","/screenshots/kunuz-live.jpg","verified","Captured directly from the project's own live interface at https://platform-map-1.vercel.app/. The live page title/content includes project-specific terms: كنوز, مصر, خرايط, تفاعلية.","reachable","confirmed","كنوز مصر | خرائط تفاعلية"
"kids-dashboard","Kids Geography Learning Dashboard","داشبورد تعليم الجغرافيا للأطفال","Education","Learning dashboard","Notaq","live","","","","https://dashboard-ana-map-1-4iie.vercel.app/","https://dashboard-ana-map-1-4iie.vercel.app/","/screenshots/kids-dashboard-live.jpg","verified","Captured directly from the project's own live interface at https://dashboard-ana-map-1-4iie.vercel.app/. The live page title/content includes project-specific terms: kids, للاطفال.","reachable","confirmed","Kids Geo Dashboard"
"learning-journey","Interactive Learning Journey","رحلة التعلم التفاعلية","Education","Interactive learning","Notaq","live","","","","https://kids-geo-dashboard.vercel.app/","https://kids-geo-dashboard.vercel.app/","/screenshots/learning-journey-live.jpg","verified","Captured directly from the project's own live interface at https://kids-geo-dashboard.vercel.app/. The live page title/content includes project-specific terms: رحلة, التعلم, التفاعلية.","reachable","confirmed","رحلة التعلم التفاعلية"
"worklog","WorkLog Time Tracker","وورك لوج — تتبع الوقت","Systems","Productivity","Notaq","live","","","","https://time-care-log.lovable.app/install","https://time-care-log.lovable.app/install","","pending","The project URL is reachable and its identity is confirmed, but it stops at a login screen; the login page is not used as project screenshot evidence.","reachable","confirmed","WorkLog - سجل ساعات العمل"
"ask-saad","Ask Saad — GIS AI Assistant","اسأل سعد — مساعد GIS","AI","GIS assistant","Notaq","live","","","","https://ask-saad-barghouth.lovable.app/","https://ask-saad-barghouth.lovable.app/","","pending","The project URL is reachable and its identity is confirmed, but it stops at a login screen; the login page is not used as project screenshot evidence.","reachable","confirmed","Ask Saad — مستشار نظم المعلومات الجغرافية"
"startup-landing","Technology Startup Landing Page","صفحة شركة تقنية ناشئة","Business","Technology landing","Notaq","live","","","","https://tech-startup-landing.vercel.app/","https://tech-startup-landing.vercel.app/","/screenshots/startup-landing-live.jpg","verified","Captured directly from the project's own live interface at https://tech-startup-landing.vercel.app/. The Notaq-linked page is a technology-startup landing-page demo; its visible TechVenture/TechCorp branding and Korean AI copy are recorded as rendered.","reachable","confirmed","TechVenture - 혁신을 만드는 스타트업"
"transport","Transportation GIS Platform — 78 Apps","منصة تطبيقات وزارة النقل — 78 تطبيق","GIS","Multi-application GIS","GIS","live","","","","https://transport-platform-apps.vercel.app/","","/screenshots/transport-live.jpg","verified","Captured directly from the project's own live interface at https://transport-platform-apps.vercel.app/. The URL host and visible page identify the Ministry of Transport applications platform.","reachable","confirmed","منصة تطبيقات وزارة النقل"
"smart-infra","Smart Cities & Infrastructure Networks","شبكات المرافق والمدن الذكية","GIS","Infrastructure networks","GIS","live","","","","https://geoinformatics-smart-infrastructure.ai.studio/","","/screenshots/smart-infra-overview.webp","verified","Actual network applications: user-provided 29 Sept screenshots (water and roads) and infrastructure demonstration presentation.","reachable","confirmed","لوحة شبكات مرافق المدن العمرانية الجديدة"
"ainsijam","Ain Sijam — Real Estate Intelligence","عين سيجام — التحليل العقاري الذكي","GIS","Real estate intelligence","GIS","live","","","","https://ain-sijam-real-estate.vercel.app/","","/screenshots/ainsijam-live.jpg","verified","Captured directly from the project's own live interface at https://ain-sijam-real-estate.vercel.app/. The direct project hostname and visible Arabic product name identify Ain Sijam.","reachable","confirmed","عين سيجام لتخطيط الأراضي وإدارة مواقع البناء"
"redsea","Red Sea Global — GIS Monitoring","البحر الأحمر — منصة الرصد الجغرافي","GIS","Environmental analytics","GIS","live","","","","https://rsgis.vercel.app/","","/screenshots/redsea-live.jpg","verified","Captured directly from the project's own live interface at https://rsgis.vercel.app/. The live interface identifies the Red Sea Global GIS monitoring application.","reachable","confirmed","RSG Geo-Intelligence Command Center"
"riqportal","REEQ — Smart Water Management Portal","نظام ريق لإدارة المياه الذكي","Platforms","Water portal","Web","live","","","","https://riqportal.ai.studio/","","","pending","The project URL is reachable and its identity is confirmed, but it stops at a login screen; the login page is not used as project screenshot evidence.","reachable","confirmed","REEQ System | نظام مياه ريق الذكي"
"portfolio","Saad Barghouth — Portfolio","الموقع الشخصي لسعد برغوث","Business","Personal site","Web","live","","","","https://www.barghouth.me/","","/screenshots/portfolio-live.jpg","verified","Captured directly from the project's own live interface at https://www.barghouth.me/. The live page is Saad Barghouth's professional GIS/Web GIS portfolio.","reachable","confirmed","Saad Barghouth | GIS Team Leader & Web GIS Developer"
"damietta","Damietta Port — Enterprise Geodatabase","ميناء دمياط — تصميم قاعدة البيانات الجغرافية","GIS","Enterprise GIS","GIS","case","","","","","","","pending","No exact inside-the-project screenshot verified in accessible materials.","not_checked","not_checked",""
"qgis-editing","QGIS + PostGIS Collaborative Editing","حوكمة تحرير البيانات في QGIS وPostGIS","GIS","Editing governance","GIS","case","","","","","","","pending","No exact inside-the-project screenshot verified in accessible materials.","not_checked","not_checked",""
"survey123","Survey123 Field Survey Program","منظومة المسوحات الميدانية Survey123","GIS","Field operations","GIS","case","","","","","","","pending","No exact inside-the-project screenshot verified in accessible materials.","not_checked","not_checked",""
"metro","Metro Line 3 Survey Applications","استبيانات الخط الثالث للمترو","GIS","Field surveys","GIS","case","","","","","","","pending","No exact inside-the-project screenshot verified in accessible materials.","not_checked","not_checked",""
"ports","Seaport Survey Workflows","أعمال مسح الموانئ البحرية","GIS","Seaport data","GIS","case","","","","","","","pending","No exact inside-the-project screenshot verified in accessible materials.","not_checked","not_checked",""
"timesheet","Team Timesheet & Analytics Dashboard","لوحة ساعات عمل الفريق والتحليلات","Dashboards","Operations analytics","Web","case","","","","","","","pending","No exact inside-the-project screenshot verified in accessible materials.","not_checked","not_checked",""
"geohr","Geo Geomatics HR & Operations System","نظام الموارد البشرية والعمليات — جيو جيوماتكس","Systems","System concept","Concept","case","","","","","","","pending","No exact inside-the-project screenshot verified in accessible materials.","not_checked","not_checked",""
"gis-automator","ArcPy Geodatabase Automation","أتمتة إنشاء الجيوداتابيز باستخدام ArcPy","GIS","GIS automation","GIS","case","","","","","","/screenshots/gis-automator-main.webp","verified","ModelBuilder source evidence from geodatabase automation GIS tool diagrams and execution results.","not_checked","not_checked",""
"geojson-data","Multi-City GeoJSON Data Conversion","تحويل بيانات المدن إلى GeoJSON","GIS","Spatial data","GIS","case","","","","","","","pending","No exact inside-the-project screenshot verified in accessible materials.","not_checked","not_checked",""
"transport-dashboard-5c855c890c","Urban Land Dashboard — Western Upper Egypt","لوحة مؤشرات الأراضي العمرانية – طريق الصعيد الغربي","Dashboards","Dashboard · Western Upper Egypt","Transport","live","Western Upper Egypt","transport","","https://transport-platform-apps.vercel.app/projects/dashboard-5c855c890c/index.html?lang=ar","","/screenshots/transport-dashboard-5c855c890c.webp","verified","Exact project titled لوحة مؤشرات الأراضي العمرانية – طريق الصعيد الغربي in slide 8 of تطبيقات_منصة_وزارة_النقل.pptx; embedded app screenshot saved without visual generation.","reachable","confirmed","لوحة مؤشرات الأراضي العمرانية – طريق الصعيد الغربي"
"transport-dashboard-4236f7c912","Agriculture & Industry Dashboard — Western Upper Egypt","لوحة مؤشرات الأراضي الزراعية والصناعية – طريق الصعيد الغربي","Dashboards","Dashboard · Western Upper Egypt","Transport","live","Western Upper Egypt","transport","","https://transport-platform-apps.vercel.app/projects/dashboard-4236f7c912/index.html?lang=ar","","/screenshots/transport-dashboard-4236f7c912.webp","verified","Exact project titled لوحة مؤشرات الأراضي الزراعية والصناعية – طريق الصعيد الغربي in slide 9 of تطبيقات_منصة_وزارة_النقل.pptx; embedded app screenshot saved without visual generation.","reachable","confirmed","لوحة مؤشرات الأراضي الزراعية والصناعية – طريق الصعيد الغربي"
"transport-dashboard-49446055c2","Land Prices Dashboard — Western Upper Egypt","لوحة مؤشرات أسعار الأراضي – طريق الصعيد الغربي","Dashboards","Dashboard · Western Upper Egypt","Transport","live","Western Upper Egypt","transport","","https://transport-platform-apps.vercel.app/projects/dashboard-49446055c2/index.html?lang=ar","","/screenshots/transport-dashboard-49446055c2.webp","verified","Exact project titled لوحة مؤشرات أسعار الأراضي – طريق الصعيد الغربي in slide 11 of تطبيقات_منصة_وزارة_النقل.pptx; embedded app screenshot saved without visual generation.","reachable","confirmed","لوحة مؤشرات أسعار الأراضي – طريق الصعيد الغربي"
"transport-storymap-92d2a80d7f","Interactive StoryMap — Western Upper Egypt","القصة المكانية – طريق الصعيد الغربي","GIS","StoryMap · Western Upper Egypt","Transport","live","Western Upper Egypt","transport","","https://transport-platform-apps.vercel.app/projects/storymap-92d2a80d7f/index.html?lang=ar","","/screenshots/transport-storymap-92d2a80d7f.webp","verified","Exact project titled القصة المكانية – طريق الصعيد الغربي in slide 6 of تطبيقات_منصة_وزارة_النقل_الشاشات_الكاملة_RTL.pptx; embedded app screenshot saved without visual generation.","reachable","confirmed","طريق الصعيد الغربي"
"transport-dashboard-ismailia-urban","Urban Land Dashboard — Cairo–Ismailia","لوحة مؤشرات الأراضي العمرانية – طريق القاهرة–الإسماعيلية","Dashboards","Dashboard · Cairo–Ismailia","Transport","live","Cairo–Ismailia","transport","","https://transport-platform-apps.vercel.app/projects/dashboard-ismailia-urban/index.html?lang=ar","","/screenshots/transport-dashboard-ismailia-urban.webp","verified","Exact project titled لوحة مؤشرات الأراضي العمرانية – طريق القاهرة–الإسماعيلية in slide 3 of تطبيقات_منصة_وزارة_النقل.pptx; embedded app screenshot saved without visual generation.","reachable","confirmed","لوحة مؤشرات الأراضي العمرانية – طريق القاهرة–الإسماعيلية"
"transport-dashboard-ismailia-development-impact","Development Impact Dashboard — Cairo–Ismailia","لوحة الأثر التنموي للجزء المطور – طريق القاهرة–الإسماعيلية","Dashboards","Dashboard · Cairo–Ismailia","Transport","live","Cairo–Ismailia","transport","","https://transport-platform-apps.vercel.app/projects/dashboard-ismailia-development-impact/index.html?lang=ar","","/screenshots/cairo-impact-main.webp","verified","Cairo–Ismailia development dashboard embedded screenshots from the project-specific ministry transport presentation.","reachable","confirmed","لوحة الأثر التنموي للجزء المطور – طريق القاهرة–الإسماعيلية"
"transport-dashboard-ismailia-agriculture","Agriculture & Industry Dashboard — Cairo–Ismailia","لوحة مؤشرات الأراضي الزراعية والصناعية – طريق القاهرة–الإسماعيلية","Dashboards","Dashboard · Cairo–Ismailia","Transport","live","Cairo–Ismailia","transport","","https://transport-platform-apps.vercel.app/projects/dashboard-ismailia-agriculture/index.html?lang=ar","","/screenshots/transport-dashboard-ismailia-agriculture.webp","verified","Exact project titled لوحة مؤشرات الأراضي الزراعية والصناعية – طريق القاهرة–الإسماعيلية in slide 4 of تطبيقات_منصة_وزارة_النقل.pptx; embedded app screenshot saved without visual generation.","reachable","confirmed","لوحة مؤشرات الأراضي الزراعية والصناعية – طريق القاهرة–الإسماعيلية"
"transport-dashboard-ismailia-prices","Land Prices Dashboard — Cairo–Ismailia","لوحة مؤشرات أسعار الأراضي – طريق القاهرة–الإسماعيلية","Dashboards","Dashboard · Cairo–Ismailia","Transport","live","Cairo–Ismailia","transport","","https://transport-platform-apps.vercel.app/projects/dashboard-ismailia-prices/index.html?lang=ar","","/screenshots/transport-dashboard-ismailia-prices.webp","verified","Exact project titled لوحة مؤشرات أسعار الأراضي – طريق القاهرة–الإسماعيلية in slide 6 of تطبيقات_منصة_وزارة_النقل.pptx; embedded app screenshot saved without visual generation.","reachable","confirmed","لوحة مؤشرات أسعار الأراضي – طريق القاهرة–الإسماعيلية"
"transport-storymap-ismailia","Interactive StoryMap — Cairo–Ismailia","القصة المكانية التفاعلية – طريق القاهرة–الإسماعيلية","GIS","StoryMap · Cairo–Ismailia","Transport","live","Cairo–Ismailia","transport","","https://transport-platform-apps.vercel.app/projects/storymap-ismailia/index.html?lang=ar","","/screenshots/transport-storymap-ismailia.webp","verified","Exact project titled القصة المكانية التفاعلية – طريق القاهرة–الإسماعيلية in slide 12 of تطبيقات_منصة_وزارة_النقل_الشاشات_الكاملة_RTL.pptx; embedded app screenshot saved without visual generation.","reachable","confirmed","القصة المكانية التفاعلية – طريق القاهرة–الإسماعيلية"
"transport-dashboard-686d8234e8","Urban Land Dashboard — Cairo–Suez","لوحة مؤشرات الأراضي العمرانية – طريق القاهرة - السويس الصحراوي","Dashboards","Dashboard · Cairo–Suez","Transport","live","Cairo–Suez","transport","","https://transport-platform-apps.vercel.app/projects/dashboard-686d8234e8/index.html?lang=ar","","/screenshots/transport-dashboard-686d8234e8.webp","verified","Exact project titled لوحة مؤشرات الأراضي العمرانية – طريق القاهرة - السويس الصحراوي in slide 14 of تطبيقات_منصة_وزارة_النقل_الشاشات_الكاملة_RTL.pptx; embedded app screenshot saved without visual generation.","reachable","confirmed","لوحة مؤشرات الأراضي العمرانية – طريق القاهرة - السويس الصحراوي"
"transport-dashboard-8a75afd782","Agriculture & Industry Dashboard — Cairo–Suez","لوحة مؤشرات الأراضي الزراعية والصناعية – طريق القاهرة - السويس الصحراوي","Dashboards","Dashboard · Cairo–Suez","Transport","live","Cairo–Suez","transport","","https://transport-platform-apps.vercel.app/projects/dashboard-8a75afd782/index.html?lang=ar","","/screenshots/transport-dashboard-8a75afd782.webp","verified","Exact project titled لوحة مؤشرات الأراضي الزراعية والصناعية – طريق القاهرة - السويس الصحراوي in slide 15 of تطبيقات_منصة_وزارة_النقل_الشاشات_الكاملة_RTL.pptx; embedded app screenshot saved without visual generation.","reachable","confirmed","لوحة مؤشرات الأراضي الزراعية والصناعية – طريق القاهرة - السويس الصحراوي"
"transport-dashboard-4b4547b902","Land Prices Dashboard — Cairo–Suez","لوحة مؤشرات أسعار الأراضي – طريق القاهرة - السويس الصحراوي","Dashboards","Dashboard · Cairo–Suez","Transport","live","Cairo–Suez","transport","","https://transport-platform-apps.vercel.app/projects/dashboard-4b4547b902/index.html?lang=ar","","/screenshots/transport-dashboard-4b4547b902.webp","verified","Exact project titled لوحة مؤشرات أسعار الأراضي – طريق القاهرة - السويس الصحراوي in slide 16 of تطبيقات_منصة_وزارة_النقل_الشاشات_الكاملة_RTL.pptx; embedded app screenshot saved without visual generation.","reachable","confirmed","لوحة مؤشرات أسعار الأراضي – طريق القاهرة - السويس الصحراوي"
"transport-storymap-739c03527e","Interactive StoryMap — Cairo–Suez","القصة المكانية – طريق القاهرة - السويس الصحراوي - (السويس الحر)","GIS","StoryMap · Cairo–Suez","Transport","live","Cairo–Suez","transport","","https://transport-platform-apps.vercel.app/projects/storymap-739c03527e/index.html?lang=ar","","/screenshots/transport-storymap-739c03527e.webp","verified","Exact project titled القصة المكانية – طريق القاهرة - السويس الصحراوي - (السويس الحر) in slide 17 of تطبيقات_منصة_وزارة_النقل_الشاشات_الكاملة_RTL.pptx; embedded app screenshot saved without visual generation.","reachable","confirmed","طريق القاهرة - السويس الصحراوي - (السويس الحر)"
"transport-dashboard-ab7611e2f4","Urban Land Dashboard — Eastern Regional Ring Road","لوحة مؤشرات الأراضي العمرانية – القوس الشرقي للطريق الدائري الإقليمي وخط الروبيكي","Dashboards","Dashboard · Eastern Regional Ring Road","Transport","live","Eastern Regional Ring Road","transport","","https://transport-platform-apps.vercel.app/projects/dashboard-ab7611e2f4/index.html?lang=ar","","/screenshots/transport-dashboard-ab7611e2f4.webp","verified","Exact project titled لوحة مؤشرات الأراضي العمرانية – القوس الشرقي للطريق الدائري الإقليمي وخط الروبيكي in slide 13 of تطبيقات_منصة_وزارة_النقل.pptx; embedded app screenshot saved without visual generation.","reachable","confirmed","لوحة مؤشرات الأراضي العمرانية – القوس الشرقي للطريق الدائري الإقليمي وخط الروبيكي"
"transport-dashboard-b99ee8d8fc","Agriculture & Industry Dashboard — Eastern Regional Ring Road","لوحة مؤشرات الأراضي الزراعية والصناعية – القوس الشرقي للطريق الدائري الإقليمي وخط الروبيكي","Dashboards","Dashboard · Eastern Regional Ring Road","Transport","live","Eastern Regional Ring Road","transport","","https://transport-platform-apps.vercel.app/projects/dashboard-b99ee8d8fc/index.html?lang=ar","","/screenshots/transport-dashboard-b99ee8d8fc.webp","verified","Exact project titled لوحة مؤشرات الأراضي الزراعية والصناعية – القوس الشرقي للطريق الدائري الإقليمي وخط الروبيكي in slide 14 of تطبيقات_منصة_وزارة_النقل.pptx; embedded app screenshot saved without visual generation.","reachable","confirmed","لوحة مؤشرات الأراضي الزراعية والصناعية – القوس الشرقي للطريق الدائري الإقليمي وخط الروبيكي"
"transport-dashboard-04811fcd6f","Land Prices Dashboard — Eastern Regional Ring Road","لوحة مؤشرات أسعار الأراضي – القوس الشرقي للطريق الدائري الإقليمي وخط الروبيكي","Dashboards","Dashboard · Eastern Regional Ring Road","Transport","live","Eastern Regional Ring Road","transport","","https://transport-platform-apps.vercel.app/projects/dashboard-04811fcd6f/index.html?lang=ar","","/screenshots/transport-dashboard-04811fcd6f.webp","verified","Exact project titled لوحة مؤشرات أسعار الأراضي – القوس الشرقي للطريق الدائري الإقليمي وخط الروبيكي in slide 16 of تطبيقات_منصة_وزارة_النقل.pptx; embedded app screenshot saved without visual generation.","reachable","confirmed","لوحة مؤشرات أسعار الأراضي – القوس الشرقي للطريق الدائري الإقليمي وخط الروبيكي"
"transport-storymap-3678b8faa7","Interactive StoryMap — Eastern Regional Ring Road","القصة المكانية – منطقة الدراسة القوس الشرقى للدائرى الأقليمى و خط الروبيكى","GIS","StoryMap · Eastern Regional Ring Road","Transport","live","Eastern Regional Ring Road","transport","","https://transport-platform-apps.vercel.app/projects/storymap-3678b8faa7/index.html?lang=ar","","/screenshots/transport-storymap-3678b8faa7.webp","verified","Exact project titled القصة المكانية – منطقة الدراسة القوس الشرقى للدائرى الأقليمى و خط الروبيكى in slide 22 of تطبيقات_منصة_وزارة_النقل_الشاشات_الكاملة_RTL.pptx; embedded app screenshot saved without visual generation.","reachable","confirmed","منطقة الدراسة القوس الشرقى للدائرى الأقليمى و خط الروبيكى"
"transport-dashboard-064fecc5d9","Urban Land Dashboard — Kalabsha","لوحة مؤشرات الأراضي العمرانية – طريق كلابشة","Dashboards","Dashboard · Kalabsha","Transport","live","Kalabsha","transport","","https://transport-platform-apps.vercel.app/projects/dashboard-064fecc5d9/index.html?lang=ar","","/screenshots/transport-dashboard-064fecc5d9.webp","verified","Exact project titled لوحة مؤشرات الأراضي العمرانية – طريق كلابشة in slide 24 of تطبيقات_منصة_وزارة_النقل_الشاشات_الكاملة_RTL.pptx; embedded app screenshot saved without visual generation.","reachable","confirmed","لوحة مؤشرات الأراضي العمرانية – طريق كلابشة"
"transport-dashboard-989c5ff2f9","Agriculture Dashboard — Kalabsha","لوحة مؤشرات الأراضي الزراعية – طريق كلابشة","Dashboards","Dashboard · Kalabsha","Transport","live","Kalabsha","transport","","https://transport-platform-apps.vercel.app/projects/dashboard-989c5ff2f9/index.html?lang=ar","","/screenshots/transport-dashboard-989c5ff2f9.webp","verified","Exact project titled لوحة مؤشرات الأراضي الزراعية – طريق كلابشة in slide 25 of تطبيقات_منصة_وزارة_النقل_الشاشات_الكاملة_RTL.pptx; embedded app screenshot saved without visual generation.","reachable","confirmed","لوحة مؤشرات الأراضي الزراعية – طريق كلابشة"
"transport-dashboard-2529bc0ae6","Land Prices Dashboard — Kalabsha","لوحة مؤشرات أسعار الأراضي – طريق كلابشة","Dashboards","Dashboard · Kalabsha","Transport","live","Kalabsha","transport","","https://transport-platform-apps.vercel.app/projects/dashboard-2529bc0ae6/index.html?lang=ar","","/screenshots/transport-dashboard-2529bc0ae6.webp","verified","Exact project titled لوحة مؤشرات أسعار الأراضي – طريق كلابشة in slide 26 of تطبيقات_منصة_وزارة_النقل_الشاشات_الكاملة_RTL.pptx; embedded app screenshot saved without visual generation.","reachable","confirmed","لوحة مؤشرات أسعار الأراضي – طريق كلابشة"
"transport-storymap-3c8f04f4d0","Land-Use Change StoryMap — Kalabsha","تطور الاراضي المحيطة بطريق كلابشة","GIS","StoryMap · Kalabsha","Transport","live","Kalabsha","transport","","https://transport-platform-apps.vercel.app/projects/storymap-3c8f04f4d0/index.html?lang=ar","","/screenshots/transport-storymap-3c8f04f4d0.webp","verified","Exact project titled تطور الاراضي المحيطة بطريق كلابشة in slide 27 of تطبيقات_منصة_وزارة_النقل_الشاشات_الكاملة_RTL.pptx; embedded app screenshot saved without visual generation.","reachable","confirmed","تطور الاراضي المحيطة بطريق كلابشة"
"transport-dashboard-1cb1e42f43","Urban Land Dashboard — South Dahshur","لوحة مؤشرات الأراضي العمرانية – وصلة دهشور الجنوبية","Dashboards","Dashboard · South Dahshur","Transport","live","South Dahshur","transport","","https://transport-platform-apps.vercel.app/projects/dashboard-1cb1e42f43/index.html?lang=ar","","/screenshots/transport-dashboard-1cb1e42f43.webp","verified","Exact project titled لوحة مؤشرات الأراضي العمرانية – وصلة دهشور الجنوبية in slide 29 of تطبيقات_منصة_وزارة_النقل_الشاشات_الكاملة_RTL.pptx; embedded app screenshot saved without visual generation.","reachable","confirmed","لوحة مؤشرات الأراضي العمرانية – وصلة دهشور الجنوبية"
"transport-dashboard-97daea1db8","Agriculture & Industry Dashboard — South Dahshur","لوحة مؤشرات الأراضي الزراعية والصناعية – وصلة دهشور الجنوبية","Dashboards","Dashboard · South Dahshur","Transport","live","South Dahshur","transport","","https://transport-platform-apps.vercel.app/projects/dashboard-97daea1db8/index.html?lang=ar","","/screenshots/transport-dashboard-97daea1db8.webp","verified","Exact project titled لوحة مؤشرات الأراضي الزراعية والصناعية – وصلة دهشور الجنوبية in slide 30 of تطبيقات_منصة_وزارة_النقل_الشاشات_الكاملة_RTL.pptx; embedded app screenshot saved without visual generation.","reachable","confirmed","لوحة مؤشرات الأراضي الزراعية والصناعية – وصلة دهشور الجنوبية"
"transport-dashboard-687e564801","Land Prices Dashboard — South Dahshur","لوحة مؤشرات أسعار الأراضي – وصلة دهشور الجنوبية","Dashboards","Dashboard · South Dahshur","Transport","live","South Dahshur","transport","","https://transport-platform-apps.vercel.app/projects/dashboard-687e564801/index.html?lang=ar","","/screenshots/transport-dashboard-687e564801.webp","verified","Exact project titled لوحة مؤشرات أسعار الأراضي – وصلة دهشور الجنوبية in slide 31 of تطبيقات_منصة_وزارة_النقل_الشاشات_الكاملة_RTL.pptx; embedded app screenshot saved without visual generation.","reachable","confirmed","لوحة مؤشرات أسعار الأراضي – وصلة دهشور الجنوبية"
"transport-storymap-dahshur","Interactive StoryMap — South Dahshur","القصة المكانية التفاعلية – وصلة دهشور الجنوبية","GIS","StoryMap · South Dahshur","Transport","live","South Dahshur","transport","","https://transport-platform-apps.vercel.app/projects/storymap-dahshur/index.html?lang=ar","","/screenshots/transport-storymap-dahshur.webp","verified","Exact project titled القصة المكانية التفاعلية – وصلة دهشور الجنوبية in slide 32 of تطبيقات_منصة_وزارة_النقل_الشاشات_الكاملة_RTL.pptx; embedded app screenshot saved without visual generation.","reachable","confirmed","القصة المكانية التفاعلية – وصلة دهشور الجنوبية"
"transport-dashboard-3e59ea73ec","Urban Land Dashboard — Qus","لوحة مؤشرات الأراضي العمرانية – طريق قوص","Dashboards","Dashboard · Qus","Transport","live","Qus","transport","","https://transport-platform-apps.vercel.app/projects/dashboard-3e59ea73ec/index.html?lang=ar","","/screenshots/transport-dashboard-3e59ea73ec.webp","verified","Exact project titled لوحة مؤشرات الأراضي العمرانية – طريق قوص in slide 18 of تطبيقات_منصة_وزارة_النقل.pptx; embedded app screenshot saved without visual generation.","reachable","confirmed","لوحة مؤشرات الأراضي العمرانية – طريق قوص"
"transport-dashboard-5a3aaa3b3a","Agriculture & Industry Dashboard — Qus","لوحة مؤشرات الأراضي الزراعية والصناعية – طريق قوص","Dashboards","Dashboard · Qus","Transport","live","Qus","transport","","https://transport-platform-apps.vercel.app/projects/dashboard-5a3aaa3b3a/index.html?lang=ar","","/screenshots/transport-dashboard-5a3aaa3b3a.webp","verified","Exact project titled لوحة مؤشرات الأراضي الزراعية والصناعية – طريق قوص in slide 19 of تطبيقات_منصة_وزارة_النقل.pptx; embedded app screenshot saved without visual generation.","reachable","confirmed","لوحة مؤشرات الأراضي الزراعية – طريق قوص"
"transport-dashboard-58fefdb551","Land Prices Dashboard — Qus","لوحة مؤشرات أسعار الأراضي – طريق قوص","Dashboards","Dashboard · Qus","Transport","live","Qus","transport","","https://transport-platform-apps.vercel.app/projects/dashboard-58fefdb551/index.html?lang=ar","","/screenshots/transport-dashboard-58fefdb551.webp","verified","Exact project titled لوحة مؤشرات أسعار الأراضي – طريق قوص in slide 21 of تطبيقات_منصة_وزارة_النقل.pptx; embedded app screenshot saved without visual generation.","reachable","confirmed","لوحة مؤشرات أسعار الأراضي – طريق قوص"
"transport-storymap-bd328e2a5b","Land-Use Change StoryMap — Qus","تطور الاراضي المحيطة بطريق قوص","GIS","StoryMap · Qus","Transport","live","Qus","transport","","https://transport-platform-apps.vercel.app/projects/storymap-bd328e2a5b/index.html?lang=ar","","/screenshots/transport-storymap-bd328e2a5b.webp","verified","Exact project titled تطور الاراضي المحيطة بطريق قوص in slide 37 of تطبيقات_منصة_وزارة_النقل_الشاشات_الكاملة_RTL.pptx; embedded app screenshot saved without visual generation.","reachable","confirmed","تطور الاراضي المحيطة بطريق قوص"
"transport-dashboard-24259ddcec","Urban Land Dashboard — Qena–Luxor","لوحة مؤشرات الأراضي العمرانية – طريق قنا - الأقصر","Dashboards","Dashboard · Qena–Luxor","Transport","live","Qena–Luxor","transport","","https://transport-platform-apps.vercel.app/projects/dashboard-24259ddcec/index.html?lang=ar","","/screenshots/transport-dashboard-24259ddcec.webp","verified","Exact project titled لوحة مؤشرات الأراضي العمرانية – طريق قنا - الأقصر in slide 39 of تطبيقات_منصة_وزارة_النقل_الشاشات_الكاملة_RTL.pptx; embedded app screenshot saved without visual generation.","reachable","confirmed","لوحة مؤشرات الأراضي العمرانية – طريق قنا - الأقصر"
"transport-dashboard-0c7d78be88","Agriculture Dashboard — Qena–Luxor","لوحة مؤشرات الأراضي الزراعية – طريق قنا - الأقصر","Dashboards","Dashboard · Qena–Luxor","Transport","live","Qena–Luxor","transport","","https://transport-platform-apps.vercel.app/projects/dashboard-0c7d78be88/index.html?lang=ar","","/screenshots/transport-dashboard-0c7d78be88.webp","verified","Exact project titled لوحة مؤشرات الأراضي الزراعية – طريق قنا - الأقصر in slide 40 of تطبيقات_منصة_وزارة_النقل_الشاشات_الكاملة_RTL.pptx; embedded app screenshot saved without visual generation.","reachable","confirmed","لوحة مؤشرات الأراضي الزراعية – طريق قنا - الأقصر"
"transport-dashboard-048f4e4237","Land Prices Dashboard — Qena–Luxor","لوحة مؤشرات أسعار الأراضي – طريق قنا - الأقصر","Dashboards","Dashboard · Qena–Luxor","Transport","live","Qena–Luxor","transport","","https://transport-platform-apps.vercel.app/projects/dashboard-048f4e4237/index.html?lang=ar","","/screenshots/transport-dashboard-048f4e4237.webp","verified","Exact project titled لوحة مؤشرات أسعار الأراضي – طريق قنا - الأقصر in slide 41 of تطبيقات_منصة_وزارة_النقل_الشاشات_الكاملة_RTL.pptx; embedded app screenshot saved without visual generation.","reachable","confirmed","لوحة مؤشرات أسعار الأراضي – طريق قنا - الأقصر"
"transport-storymap-e98ec507f5","Land-Use Change StoryMap — Qena–Luxor","تطور الاراضي المحيطة بطريق قنا الأقصر","GIS","StoryMap · Qena–Luxor","Transport","live","Qena–Luxor","transport","","https://transport-platform-apps.vercel.app/projects/storymap-e98ec507f5/index.html?lang=ar","","/screenshots/transport-storymap-e98ec507f5.webp","verified","Exact project titled تطور الاراضي المحيطة بطريق قنا الأقصر in slide 42 of تطبيقات_منصة_وزارة_النقل_الشاشات_الكاملة_RTL.pptx; embedded app screenshot saved without visual generation.","reachable","confirmed","تطور الاراضي المحيطة بطريق قنا الأقصر"
"transport-dashboard-c79fcd32aa","Urban Land Dashboard — Dabaa","لوحة مؤشرات الأراضي العمرانية – طريق الضبعة","Dashboards","Dashboard · Dabaa","Transport","live","Dabaa","transport","","https://transport-platform-apps.vercel.app/projects/dashboard-c79fcd32aa/index.html?lang=ar","","/screenshots/transport-dashboard-c79fcd32aa.webp","verified","Exact project titled لوحة مؤشرات الأراضي العمرانية – طريق الضبعة in slide 28 of تطبيقات_منصة_وزارة_النقل.pptx; embedded app screenshot saved without visual generation.","reachable","confirmed","لوحة مؤشرات الأراضي العمرانية و الزراعية – طريق الضبعة"
"transport-dashboard-c1e29f0123","Agriculture Dashboard — Dabaa","لوحة مؤشرات الأراضي الزراعية – طريق الضبعة","Dashboards","Dashboard · Dabaa","Transport","live","Dabaa","transport","","https://transport-platform-apps.vercel.app/projects/dashboard-c1e29f0123/index.html?lang=ar","","/screenshots/transport-dashboard-c1e29f0123.webp","verified","Exact project titled لوحة مؤشرات الأراضي الزراعية – طريق الضبعة in slide 45 of تطبيقات_منصة_وزارة_النقل_الشاشات_الكاملة_RTL.pptx; embedded app screenshot saved without visual generation.","reachable","confirmed","لوحة مؤشرات الأراضي الزراعية – طريق الضبعة"
"transport-dashboard-594d7c7ff4","Land Prices Dashboard — Dabaa","لوحة مؤشرات أسعار الأراضي – طريق الضبعة","Dashboards","Dashboard · Dabaa","Transport","live","Dabaa","transport","","https://transport-platform-apps.vercel.app/projects/dashboard-594d7c7ff4/index.html?lang=ar","","/screenshots/transport-dashboard-594d7c7ff4.webp","verified","Exact project titled لوحة مؤشرات أسعار الأراضي – طريق الضبعة in slide 30 of تطبيقات_منصة_وزارة_النقل.pptx; embedded app screenshot saved without visual generation.","reachable","confirmed","لوحة مؤشرات أسعار الأراضي – طريق الضبعة"
"transport-storymap-3bc68f337f","Land-Use Change StoryMap — Dabaa","تطور الأراضي المحيطة بطريق الضبعة","GIS","StoryMap · Dabaa","Transport","live","Dabaa","transport","","https://transport-platform-apps.vercel.app/projects/storymap-3bc68f337f/index.html?lang=ar","","/screenshots/transport-storymap-3bc68f337f.webp","verified","Exact project titled تطور الأراضي المحيطة بطريق الضبعة in slide 47 of تطبيقات_منصة_وزارة_النقل_الشاشات_الكاملة_RTL.pptx; embedded app screenshot saved without visual generation.","reachable","confirmed","تطور الأراضي المحيطة بطريق الضبعة"
"transport-dashboard-western-upper-egypt-development-impact","Economic & Development Dashboard — Western Upper Egypt","لوحة الأثر الاقتصادي و التنموي– طريق الصعيد الغربي","Dashboards","Dashboard · Western Upper Egypt","Transport","live","Western Upper Egypt","transport","","https://transport-platform-apps.vercel.app/projects/dashboard-western-upper-egypt-development-impact/index.html?lang=ar","","/screenshots/transport-dashboard-western-upper-egypt-development-impact.webp","verified","Exact project titled لوحة الأثر الاقتصادي و التنموي– طريق الصعيد الغربي in slide 10 of تطبيقات_منصة_وزارة_النقل.pptx; embedded app screenshot saved without visual generation.","reachable","confirmed","لوحة الأثر الاقتصادي والتنموي للجزء المطور – محور الصعيد الصحراوي الغربي"
"transport-dashboard-35c11a505b","Economic & Development Dashboard — Eastern Regional Ring Road","لوحة الأثر الاقتصادي و التنموي–القوس الشرقي للطريق الدائري الإقليمي وخط الروبيكي","Dashboards","Dashboard · Eastern Regional Ring Road","Transport","live","Eastern Regional Ring Road","transport","","https://transport-platform-apps.vercel.app/projects/dashboard-35c11a505b/index.html?lang=ar","","/screenshots/transport-dashboard-35c11a505b.webp","verified","Exact project titled لوحة الأثر الاقتصادي و التنموي–القوس الشرقي للطريق الدائري الإقليمي وخط الروبيكي in slide 15 of تطبيقات_منصة_وزارة_النقل.pptx; embedded app screenshot saved without visual generation.","reachable","confirmed","قياس الأثر التنموي في نطاق التأثير التنموي المباشر للقوس الشرقي للطريق الدائري خلال الـ 30 سنة القادمة"
"transport-dashboard-qus-development-impact","Economic & Development Dashboard — Qus","لوحة الأثر الاقتصادي و التنموي– محور قوص","Dashboards","Dashboard · Qus","Transport","live","Qus","transport","","https://transport-platform-apps.vercel.app/projects/dashboard-qus-development-impact/index.html?lang=ar","","/screenshots/transport-dashboard-qus-development-impact.webp","verified","Exact project titled لوحة الأثر الاقتصادي و التنموي– محور قوص in slide 20 of تطبيقات_منصة_وزارة_النقل.pptx; embedded app screenshot saved without visual generation.","reachable","confirmed","لوحة الأثر التنموي للجزء المطور – طريق قوص"
"transport-dashboard-kalabsha-development-impact","Economic & Development Dashboard — Kalabsha","لوحة الأثر الاقتصادي و التنموي– محور كلابشة","Dashboards","Dashboard · Kalabsha","Transport","live","Kalabsha","transport","","https://transport-platform-apps.vercel.app/projects/dashboard-kalabsha-development-impact/index.html?lang=ar","","/screenshots/transport-dashboard-kalabsha-development-impact.webp","verified","Exact project titled لوحة الأثر الاقتصادي و التنموي– محور كلابشة in slide 25 of تطبيقات_منصة_وزارة_النقل.pptx; embedded app screenshot saved without visual generation.","reachable","confirmed","لوحة الأثر التنموي للجزء المطور – طريق كلابشة"
"transport-dashboard-dabaa-development-impact","Economic & Development Dashboard — Dabaa","لوحة الأثر الاقتصادي و التنموي– محور الضبعة","Dashboards","Dashboard · Dabaa","Transport","live","Dabaa","transport","","https://transport-platform-apps.vercel.app/projects/dashboard-dabaa-development-impact/index.html?lang=ar","","/screenshots/transport-dashboard-dabaa-development-impact.webp","verified","Exact project titled لوحة الأثر الاقتصادي و التنموي– محور الضبعة in slide 29 of تطبيقات_منصة_وزارة_النقل.pptx; embedded app screenshot saved without visual generation.","reachable","confirmed","لوحة الأثر التنموي للجزء المطور – محور الضبعة"
"obour-city-website","New Obour City Infrastructure Portal","منصة شبكات مرافق مدينة العبور الجديدة","GIS","GIS / Spatial","GIS","case","","","","","","","pending","No exact app screenshot collected yet.","not_checked","not_checked",""
"obour-utility-dashboards","New Obour City Utility Dashboards","داشبورد شبكات مرافق العبور الجديدة","Dashboards","Dashboards","GIS","case","","","","","","","pending","No exact app screenshot collected yet.","not_checked","not_checked",""
"matrouh-survey-portal","Matrouh Field Survey Portal","بوابة استبيانات قطاع مطروح","Platforms","Platforms","GIS","case","","","","","","","pending","No exact app screenshot collected yet.","not_checked","not_checked",""
"westafrica-economic","West Africa Economic Development Dashboard","داشبورد التنمية الاقتصادية لغرب أفريقيا","Dashboards","Dashboards","GIS","case","","","","","","","pending","No exact app screenshot collected yet.","not_checked","not_checked",""
"vodafone-poc","Vodafone GIS Proof-of-Concept Data Conversion","إعداد البيانات الجغرافية لمشروع Vodafone POC","GIS","GIS / Spatial","GIS","case","","","","","","","pending","No exact app screenshot collected yet.","not_checked","not_checked",""
"salhiya-geojson","El Salhiya GIS Datasets","البيانات الجغرافية لمدينة الصالحية","GIS","GIS / Spatial","GIS","case","","","","","","","pending","No exact app screenshot collected yet.","not_checked","not_checked",""
"suez-geojson","Suez GIS Datasets","البيانات الجغرافية لمدينة السويس","GIS","GIS / Spatial","GIS","case","","","","","","","pending","No exact app screenshot collected yet.","not_checked","not_checked",""
"may15-geojson","15 May City GIS Datasets","البيانات الجغرافية لمدينة 15 مايو","GIS","GIS / Spatial","GIS","case","","","","","","","pending","No exact app screenshot collected yet.","not_checked","not_checked",""
"industrial-field-survey","Industrial Sector Survey123 System","نظام المسح الميداني للقطاع الصناعي","GIS","GIS / Spatial","GIS","case","","","","","","","pending","No exact app screenshot collected yet.","not_checked","not_checked",""
"tourism-field-survey","Tourism Sector Survey123 System","نظام المسح الميداني للقطاع السياحي","GIS","GIS / Spatial","GIS","case","","","","","","","pending","No exact app screenshot collected yet.","not_checked","not_checked",""
"agriculture-field-survey","Agriculture Survey123 System","نظام المسح الميداني للقطاع الزراعي","GIS","GIS / Spatial","GIS","case","","","","","","","pending","No exact app screenshot collected yet.","not_checked","not_checked",""
"fish-farms-field-survey","Fish Farms Survey123 System","نظام مسح المزارع السمكية","GIS","GIS / Spatial","GIS","case","","","","","","","pending","No exact app screenshot collected yet.","not_checked","not_checked",""
"rsg-destinations","RSG Regenerative Destination Management","نظام إدارة وجهات البحر الأحمر","Platforms","Platforms","GIS","case","","","","","","/screenshots/rsg-destinations-5.webp","verified","Original RSG Destination Management prototype screenshots shown within this exact RSG application walkthrough.","not_checked","not_checked",""
"cloud-run-preview-wky6","Vodafone Passive Network — GIS Utility Dashboard","شبكة فودافون السلبية — لوحة نظم المعلومات الجغرافية","GIS","Passive network utility dashboard · deployment preview","Web","preview","","","","https://ais-pre-wky6oqrv4sqsmfc2u255y4-765485755783.europe-west2.run.app/","","/screenshots/cloud-run-preview-wky6-live.jpg","verified","Captured directly from the project's own live interface at https://ais-pre-wky6oqrv4sqsmfc2u255y4-765485755783.europe-west2.run.app/. Visible page title and heading identify Vodafone Passive Network — GIS Utility Dashboard.","reachable","confirmed","Vodafone Passive Network"
"cloud-run-preview-eec2","Red Sea Global — Geospatial Intelligence & Remote-Sensing Pitch","البحر الأحمر العالمية — منصة الذكاء الجغرافي والاستشعار عن بعد","GIS","Remote-sensing pitch · related deployment preview","Web","preview","","rsg-destinations","rsg-destinations","https://ais-pre-eec2t27f2vkdxv75lhrmiw-631023896665.europe-west2.run.app/","","/screenshots/cloud-run-preview-eec2-live.jpg","verified","Captured directly from the project's own live interface at https://ais-pre-eec2t27f2vkdxv75lhrmiw-631023896665.europe-west2.run.app/. Visible page title and interface identify a Red Sea Global geospatial and remote-sensing pitch.","reachable","confirmed","My Google AI Studio App"
