id,name_ar,name_en,collection,category,type_road,parent,live_url,source_url,screen_state,evidence_source,status
modelbuilder,اختبار ArcGIS ModelBuilder النهائي,ArcGIS ModelBuilder Final Assessment,Notaq,Education,GIS assessment,,https://arcgis-modelbuilder-final-exam.ai.studio/,https://xn--2gbwk.site/projects,pending,,live
albakhira-events,قاعة البخيرة للمناسبات,Albakhira Events Hall,Notaq,Business,Venue website,,,https://xn--2gbwk.site/projects,pending,,catalog
albakhira-content,منصة البخيرة للمحتوى الرقمي,Albakhira Digital Content Platform,Notaq,Platforms,Digital content,,,https://xn--2gbwk.site/projects,pending,,catalog
academy-live,أكاديمية لايف التعليمية,Academy Live Learning Platform,Notaq,Education,E-learning,,,https://xn--2gbwk.site/projects,pending,,catalog
elite-management,نظام إيليت لإدارة الأعمال,Elite Business Management,Notaq,Systems,Management system,,,https://xn--2gbwk.site/projects,pending,,catalog
elite-one,إيليت ون,Elite One,Notaq,Business,Business website,,https://elite-one-blush.vercel.app/,https://xn--2gbwk.site/projects,pending,,live
empire-store,متجر إمباير,Empire Store,Notaq,Commerce,E-commerce,,,https://xn--2gbwk.site/projects,pending,,catalog
ai-studio,استوديو خدمات الذكاء الاصطناعي,AI Services Studio,Notaq,AI,AI services,,,https://xn--2gbwk.site/projects,pending,,catalog
cloud-platform,منصة الخدمات السحابية,Cloud Services Platform,Notaq,Platforms,Cloud application,,,https://xn--2gbwk.site/projects,pending,,catalog
offer-landing,صفحة عرض خاص,Special Offer Landing Page,Notaq,Business,Landing page,,,https://xn--2gbwk.site/projects,pending,,catalog
kids-maps,خرائط تفاعلية للأطفال,Interactive Maps for Kids,Notaq,Education,Interactive maps,,,https://github.com/SAAD23-lgtm/R,pending,,catalog
teba-store,متجر طيبة,Teba Store,Notaq,Commerce,E-commerce,,,https://xn--2gbwk.site/projects,pending,,catalog
nemora,ملابس نيمورا المطبوعة,Nemora Printed Apparel,Notaq,Commerce,Apparel store,,,https://xn--2gbwk.site/projects,pending,,catalog
museum,تجربة المتحف المصري الكبير,Grand Egyptian Museum Experience,Notaq,Culture,Cultural experience,,,https://xn--2gbwk.site/projects,pending,,catalog
geoinfo-site,موقع جيوانفورماتكس GIS,GeoInformatics GIS,Notaq,GIS,GIS website,,https://geo-informatics-for-information-sys-eight.vercel.app/,https://xn--2gbwk.site/projects,pending,,live
reeq-store,متجر مياه ريق,Reeq Water Store,Notaq,Commerce,E-commerce,,,https://xn--2gbwk.site/projects,pending,,catalog
mahrous-esraa,دعوة محروس وإسراء الرقمية,Mahrous & Esraa — Digital Invitation,Notaq,Business,Digital invitation,,,https://xn--2gbwk.site/projects,pending,,catalog
kunuz,كنوز مصر — خرائط تفاعلية,Kunuz Misr Interactive Maps,Notaq,Education,Learning maps,,https://platform-map-1.vercel.app/,https://xn--2gbwk.site/projects,pending,,live
kids-dashboard,داشبورد تعليم الجغرافيا للأطفال,Kids Geography Learning Dashboard,Notaq,Education,Learning dashboard,,https://dashboard-ana-map-1-4iie.vercel.app/,https://xn--2gbwk.site/projects,pending,,live
learning-journey,رحلة التعلم التفاعلية,Interactive Learning Journey,Notaq,Education,Interactive learning,,,https://xn--2gbwk.site/projects,pending,,catalog
worklog,وورك لوج — تتبع الوقت,WorkLog Time Tracker,Notaq,Systems,Productivity,,https://time-care-log.lovable.app/install,https://xn--2gbwk.site/projects,pending,,live
ask-saad,اسأل سعد — مساعد GIS,Ask Saad — GIS AI Assistant,Notaq,AI,GIS assistant,,https://ask-saad-barghouth.lovable.app/,https://xn--2gbwk.site/projects,pending,,live
startup-landing,صفحة شركة تقنية ناشئة,Technology Startup Landing Page,Notaq,Business,Technology landing,,,https://xn--2gbwk.site/projects,pending,,catalog
transport,منصة تطبيقات وزارة النقل — 78 تطبيق,Transportation GIS Platform — 78 Apps,GIS,GIS,Multi-application GIS,,https://transport-platform-apps.vercel.app/,,verified,provided_project_evidence,live
smart-infra,شبكات المرافق والمدن الذكية,Smart Cities & Infrastructure Networks,GIS,GIS,Infrastructure networks,,https://geoinformatics-smart-infrastructure.ai.studio/,,verified,provided_project_evidence,live
ainsijam,عين سيجام — التحليل العقاري الذكي,Ain Sijam — Real Estate Intelligence,GIS,GIS,Real estate intelligence,,https://ain-sijam-real-estate.vercel.app/,,pending,,live
redsea,البحر الأحمر — منصة الرصد الجغرافي,Red Sea Global — GIS Monitoring,GIS,GIS,Environmental analytics,,https://rsgis.vercel.app/,,pending,,live
riqportal,نظام ريق لإدارة المياه الذكي,REEQ — Smart Water Management Portal,Web,Platforms,Water portal,,https://riqportal.ai.studio/,https://riqportal.ai.studio/,pending,,live
portfolio,الموقع الشخصي لسعد برغوث,Saad Barghouth — Portfolio,Web,Business,Personal site,,https://www.barghouth.me/,,pending,,live
damietta,ميناء دمياط — تصميم قاعدة البيانات الجغرافية,Damietta Port — Enterprise Geodatabase,GIS,GIS,Enterprise GIS,,,,pending,,case
qgis-editing,حوكمة تحرير البيانات في QGIS وPostGIS,QGIS + PostGIS Collaborative Editing,GIS,GIS,Editing governance,,,,pending,,case
survey123,منظومة المسوحات الميدانية Survey123,Survey123 Field Survey Program,GIS,GIS,Field operations,,,,pending,,case
metro,استبيانات الخط الثالث للمترو,Metro Line 3 Survey Applications,GIS,GIS,Field surveys,,,,pending,,case
ports,أعمال مسح الموانئ البحرية,Seaport Survey Workflows,GIS,GIS,Seaport data,,,,pending,,case
timesheet,لوحة ساعات عمل الفريق والتحليلات,Team Timesheet & Analytics Dashboard,Web,Dashboards,Operations analytics,,,,pending,,case
geohr,نظام الموارد البشرية والعمليات — جيو جيوماتكس,Geo Geomatics HR & Operations System,Concept,Systems,System concept,,,https://github.com/SAAD23-lgtm/React-HR-Platform-GeoInformatics,pending,,case
gis-automator,أتمتة إنشاء الجيوداتابيز باستخدام ArcPy,ArcPy Geodatabase Automation,GIS,GIS,GIS automation,,,,verified,provided_project_evidence,case
geojson-data,تحويل بيانات المدن إلى GeoJSON,Multi-City GeoJSON Data Conversion,GIS,GIS,Spatial data,,,,pending,,case
transport-dashboard-5c855c890c,لوحة مؤشرات الأراضي العمرانية – طريق الصعيد الغربي,Urban Land Dashboard — Western Upper Egypt,Transport,Dashboards,Dashboard · Western Upper Egypt,transport,https://transport-platform-apps.vercel.app/projects/dashboard-5c855c890c/index.html?lang=ar,,verified,تطبيقات_منصة_وزارة_النقل.pptx,live
transport-dashboard-4236f7c912,لوحة مؤشرات الأراضي الزراعية والصناعية – طريق الصعيد الغربي,Agriculture & Industry Dashboard — Western Upper Egypt,Transport,Dashboards,Dashboard · Western Upper Egypt,transport,https://transport-platform-apps.vercel.app/projects/dashboard-4236f7c912/index.html?lang=ar,,verified,تطبيقات_منصة_وزارة_النقل.pptx,live
transport-dashboard-49446055c2,لوحة مؤشرات أسعار الأراضي – طريق الصعيد الغربي,Land Prices Dashboard — Western Upper Egypt,Transport,Dashboards,Dashboard · Western Upper Egypt,transport,https://transport-platform-apps.vercel.app/projects/dashboard-49446055c2/index.html?lang=ar,,verified,تطبيقات_منصة_وزارة_النقل.pptx,live
transport-storymap-92d2a80d7f,القصة المكانية – طريق الصعيد الغربي,Interactive StoryMap — Western Upper Egypt,Transport,GIS,StoryMap · Western Upper Egypt,transport,https://transport-platform-apps.vercel.app/projects/storymap-92d2a80d7f/index.html?lang=ar,,verified,تطبيقات_منصة_وزارة_النقل_الشاشات_الكاملة_RTL.pptx,live
transport-dashboard-ismailia-urban,لوحة مؤشرات الأراضي العمرانية – طريق القاهرة–الإسماعيلية,Urban Land Dashboard — Cairo–Ismailia,Transport,Dashboards,Dashboard · Cairo–Ismailia,transport,https://transport-platform-apps.vercel.app/projects/dashboard-ismailia-urban/index.html?lang=ar,,verified,تطبيقات_منصة_وزارة_النقل.pptx,live
transport-dashboard-ismailia-development-impact,لوحة الأثر التنموي للجزء المطور – طريق القاهرة–الإسماعيلية,Development Impact Dashboard — Cairo–Ismailia,Transport,Dashboards,Dashboard · Cairo–Ismailia,transport,https://transport-platform-apps.vercel.app/projects/dashboard-ismailia-development-impact/index.html?lang=ar,,verified,transport_presentation,live
transport-dashboard-ismailia-agriculture,لوحة مؤشرات الأراضي الزراعية والصناعية – طريق القاهرة–الإسماعيلية,Agriculture & Industry Dashboard — Cairo–Ismailia,Transport,Dashboards,Dashboard · Cairo–Ismailia,transport,https://transport-platform-apps.vercel.app/projects/dashboard-ismailia-agriculture/index.html?lang=ar,,verified,تطبيقات_منصة_وزارة_النقل.pptx,live
transport-dashboard-ismailia-prices,لوحة مؤشرات أسعار الأراضي – طريق القاهرة–الإسماعيلية,Land Prices Dashboard — Cairo–Ismailia,Transport,Dashboards,Dashboard · Cairo–Ismailia,transport,https://transport-platform-apps.vercel.app/projects/dashboard-ismailia-prices/index.html?lang=ar,,verified,تطبيقات_منصة_وزارة_النقل.pptx,live
transport-storymap-ismailia,القصة المكانية التفاعلية – طريق القاهرة–الإسماعيلية,Interactive StoryMap — Cairo–Ismailia,Transport,GIS,StoryMap · Cairo–Ismailia,transport,https://transport-platform-apps.vercel.app/projects/storymap-ismailia/index.html?lang=ar,,verified,تطبيقات_منصة_وزارة_النقل_الشاشات_الكاملة_RTL.pptx,live
transport-dashboard-686d8234e8,لوحة مؤشرات الأراضي العمرانية – طريق القاهرة - السويس الصحراوي,Urban Land Dashboard — Cairo–Suez,Transport,Dashboards,Dashboard · Cairo–Suez,transport,https://transport-platform-apps.vercel.app/projects/dashboard-686d8234e8/index.html?lang=ar,,verified,تطبيقات_منصة_وزارة_النقل_الشاشات_الكاملة_RTL.pptx,live
transport-dashboard-8a75afd782,لوحة مؤشرات الأراضي الزراعية والصناعية – طريق القاهرة - السويس الصحراوي,Agriculture & Industry Dashboard — Cairo–Suez,Transport,Dashboards,Dashboard · Cairo–Suez,transport,https://transport-platform-apps.vercel.app/projects/dashboard-8a75afd782/index.html?lang=ar,,verified,تطبيقات_منصة_وزارة_النقل_الشاشات_الكاملة_RTL.pptx,live
transport-dashboard-4b4547b902,لوحة مؤشرات أسعار الأراضي – طريق القاهرة - السويس الصحراوي,Land Prices Dashboard — Cairo–Suez,Transport,Dashboards,Dashboard · Cairo–Suez,transport,https://transport-platform-apps.vercel.app/projects/dashboard-4b4547b902/index.html?lang=ar,,verified,تطبيقات_منصة_وزارة_النقل_الشاشات_الكاملة_RTL.pptx,live
transport-storymap-739c03527e,القصة المكانية – طريق القاهرة - السويس الصحراوي - (السويس الحر),Interactive StoryMap — Cairo–Suez,Transport,GIS,StoryMap · Cairo–Suez,transport,https://transport-platform-apps.vercel.app/projects/storymap-739c03527e/index.html?lang=ar,,verified,تطبيقات_منصة_وزارة_النقل_الشاشات_الكاملة_RTL.pptx,live
transport-dashboard-ab7611e2f4,لوحة مؤشرات الأراضي العمرانية – القوس الشرقي للطريق الدائري الإقليمي وخط الروبيكي,Urban Land Dashboard — Eastern Regional Ring Road,Transport,Dashboards,Dashboard · Eastern Regional Ring Road,transport,https://transport-platform-apps.vercel.app/projects/dashboard-ab7611e2f4/index.html?lang=ar,,verified,تطبيقات_منصة_وزارة_النقل.pptx,live
transport-dashboard-b99ee8d8fc,لوحة مؤشرات الأراضي الزراعية والصناعية – القوس الشرقي للطريق الدائري الإقليمي وخط الروبيكي,Agriculture & Industry Dashboard — Eastern Regional Ring Road,Transport,Dashboards,Dashboard · Eastern Regional Ring Road,transport,https://transport-platform-apps.vercel.app/projects/dashboard-b99ee8d8fc/index.html?lang=ar,,verified,تطبيقات_منصة_وزارة_النقل.pptx,live
transport-dashboard-04811fcd6f,لوحة مؤشرات أسعار الأراضي – القوس الشرقي للطريق الدائري الإقليمي وخط الروبيكي,Land Prices Dashboard — Eastern Regional Ring Road,Transport,Dashboards,Dashboard · Eastern Regional Ring Road,transport,https://transport-platform-apps.vercel.app/projects/dashboard-04811fcd6f/index.html?lang=ar,,verified,تطبيقات_منصة_وزارة_النقل.pptx,live
transport-storymap-3678b8faa7,القصة المكانية – منطقة الدراسة القوس الشرقى للدائرى الأقليمى و خط الروبيكى,Interactive StoryMap — Eastern Regional Ring Road,Transport,GIS,StoryMap · Eastern Regional Ring Road,transport,https://transport-platform-apps.vercel.app/projects/storymap-3678b8faa7/index.html?lang=ar,,verified,تطبيقات_منصة_وزارة_النقل_الشاشات_الكاملة_RTL.pptx,live
transport-dashboard-064fecc5d9,لوحة مؤشرات الأراضي العمرانية – طريق كلابشة,Urban Land Dashboard — Kalabsha,Transport,Dashboards,Dashboard · Kalabsha,transport,https://transport-platform-apps.vercel.app/projects/dashboard-064fecc5d9/index.html?lang=ar,,verified,تطبيقات_منصة_وزارة_النقل_الشاشات_الكاملة_RTL.pptx,live
transport-dashboard-989c5ff2f9,لوحة مؤشرات الأراضي الزراعية – طريق كلابشة,Agriculture Dashboard — Kalabsha,Transport,Dashboards,Dashboard · Kalabsha,transport,https://transport-platform-apps.vercel.app/projects/dashboard-989c5ff2f9/index.html?lang=ar,,verified,تطبيقات_منصة_وزارة_النقل_الشاشات_الكاملة_RTL.pptx,live
transport-dashboard-2529bc0ae6,لوحة مؤشرات أسعار الأراضي – طريق كلابشة,Land Prices Dashboard — Kalabsha,Transport,Dashboards,Dashboard · Kalabsha,transport,https://transport-platform-apps.vercel.app/projects/dashboard-2529bc0ae6/index.html?lang=ar,,verified,تطبيقات_منصة_وزارة_النقل_الشاشات_الكاملة_RTL.pptx,live
transport-storymap-3c8f04f4d0,تطور الاراضي المحيطة بطريق كلابشة,Land-Use Change StoryMap — Kalabsha,Transport,GIS,StoryMap · Kalabsha,transport,https://transport-platform-apps.vercel.app/projects/storymap-3c8f04f4d0/index.html?lang=ar,,verified,تطبيقات_منصة_وزارة_النقل_الشاشات_الكاملة_RTL.pptx,live
transport-dashboard-1cb1e42f43,لوحة مؤشرات الأراضي العمرانية – وصلة دهشور الجنوبية,Urban Land Dashboard — South Dahshur,Transport,Dashboards,Dashboard · South Dahshur,transport,https://transport-platform-apps.vercel.app/projects/dashboard-1cb1e42f43/index.html?lang=ar,,verified,تطبيقات_منصة_وزارة_النقل_الشاشات_الكاملة_RTL.pptx,live
transport-dashboard-97daea1db8,لوحة مؤشرات الأراضي الزراعية والصناعية – وصلة دهشور الجنوبية,Agriculture & Industry Dashboard — South Dahshur,Transport,Dashboards,Dashboard · South Dahshur,transport,https://transport-platform-apps.vercel.app/projects/dashboard-97daea1db8/index.html?lang=ar,,verified,تطبيقات_منصة_وزارة_النقل_الشاشات_الكاملة_RTL.pptx,live
transport-dashboard-687e564801,لوحة مؤشرات أسعار الأراضي – وصلة دهشور الجنوبية,Land Prices Dashboard — South Dahshur,Transport,Dashboards,Dashboard · South Dahshur,transport,https://transport-platform-apps.vercel.app/projects/dashboard-687e564801/index.html?lang=ar,,verified,تطبيقات_منصة_وزارة_النقل_الشاشات_الكاملة_RTL.pptx,live
transport-storymap-dahshur,القصة المكانية التفاعلية – وصلة دهشور الجنوبية,Interactive StoryMap — South Dahshur,Transport,GIS,StoryMap · South Dahshur,transport,https://transport-platform-apps.vercel.app/projects/storymap-dahshur/index.html?lang=ar,,verified,تطبيقات_منصة_وزارة_النقل_الشاشات_الكاملة_RTL.pptx,live
transport-dashboard-3e59ea73ec,لوحة مؤشرات الأراضي العمرانية – طريق قوص,Urban Land Dashboard — Qus,Transport,Dashboards,Dashboard · Qus,transport,https://transport-platform-apps.vercel.app/projects/dashboard-3e59ea73ec/index.html?lang=ar,,verified,تطبيقات_منصة_وزارة_النقل.pptx,live
transport-dashboard-5a3aaa3b3a,لوحة مؤشرات الأراضي الزراعية والصناعية – طريق قوص,Agriculture & Industry Dashboard — Qus,Transport,Dashboards,Dashboard · Qus,transport,https://transport-platform-apps.vercel.app/projects/dashboard-5a3aaa3b3a/index.html?lang=ar,,verified,تطبيقات_منصة_وزارة_النقل.pptx,live
transport-dashboard-58fefdb551,لوحة مؤشرات أسعار الأراضي – طريق قوص,Land Prices Dashboard — Qus,Transport,Dashboards,Dashboard · Qus,transport,https://transport-platform-apps.vercel.app/projects/dashboard-58fefdb551/index.html?lang=ar,,verified,تطبيقات_منصة_وزارة_النقل.pptx,live
transport-storymap-bd328e2a5b,تطور الاراضي المحيطة بطريق قوص,Land-Use Change StoryMap — Qus,Transport,GIS,StoryMap · Qus,transport,https://transport-platform-apps.vercel.app/projects/storymap-bd328e2a5b/index.html?lang=ar,,verified,تطبيقات_منصة_وزارة_النقل_الشاشات_الكاملة_RTL.pptx,live
transport-dashboard-24259ddcec,لوحة مؤشرات الأراضي العمرانية – طريق قنا - الأقصر,Urban Land Dashboard — Qena–Luxor,Transport,Dashboards,Dashboard · Qena–Luxor,transport,https://transport-platform-apps.vercel.app/projects/dashboard-24259ddcec/index.html?lang=ar,,verified,تطبيقات_منصة_وزارة_النقل_الشاشات_الكاملة_RTL.pptx,live
transport-dashboard-0c7d78be88,لوحة مؤشرات الأراضي الزراعية – طريق قنا - الأقصر,Agriculture Dashboard — Qena–Luxor,Transport,Dashboards,Dashboard · Qena–Luxor,transport,https://transport-platform-apps.vercel.app/projects/dashboard-0c7d78be88/index.html?lang=ar,,verified,تطبيقات_منصة_وزارة_النقل_الشاشات_الكاملة_RTL.pptx,live
transport-dashboard-048f4e4237,لوحة مؤشرات أسعار الأراضي – طريق قنا - الأقصر,Land Prices Dashboard — Qena–Luxor,Transport,Dashboards,Dashboard · Qena–Luxor,transport,https://transport-platform-apps.vercel.app/projects/dashboard-048f4e4237/index.html?lang=ar,,verified,تطبيقات_منصة_وزارة_النقل_الشاشات_الكاملة_RTL.pptx,live
transport-storymap-e98ec507f5,تطور الاراضي المحيطة بطريق قنا الأقصر,Land-Use Change StoryMap — Qena–Luxor,Transport,GIS,StoryMap · Qena–Luxor,transport,https://transport-platform-apps.vercel.app/projects/storymap-e98ec507f5/index.html?lang=ar,,verified,تطبيقات_منصة_وزارة_النقل_الشاشات_الكاملة_RTL.pptx,live
transport-dashboard-c79fcd32aa,لوحة مؤشرات الأراضي العمرانية – طريق الضبعة,Urban Land Dashboard — Dabaa,Transport,Dashboards,Dashboard · Dabaa,transport,https://transport-platform-apps.vercel.app/projects/dashboard-c79fcd32aa/index.html?lang=ar,,verified,تطبيقات_منصة_وزارة_النقل.pptx,live
transport-dashboard-c1e29f0123,لوحة مؤشرات الأراضي الزراعية – طريق الضبعة,Agriculture Dashboard — Dabaa,Transport,Dashboards,Dashboard · Dabaa,transport,https://transport-platform-apps.vercel.app/projects/dashboard-c1e29f0123/index.html?lang=ar,,verified,تطبيقات_منصة_وزارة_النقل_الشاشات_الكاملة_RTL.pptx,live
transport-dashboard-594d7c7ff4,لوحة مؤشرات أسعار الأراضي – طريق الضبعة,Land Prices Dashboard — Dabaa,Transport,Dashboards,Dashboard · Dabaa,transport,https://transport-platform-apps.vercel.app/projects/dashboard-594d7c7ff4/index.html?lang=ar,,verified,تطبيقات_منصة_وزارة_النقل.pptx,live
transport-storymap-3bc68f337f,تطور الأراضي المحيطة بطريق الضبعة,Land-Use Change StoryMap — Dabaa,Transport,GIS,StoryMap · Dabaa,transport,https://transport-platform-apps.vercel.app/projects/storymap-3bc68f337f/index.html?lang=ar,,verified,تطبيقات_منصة_وزارة_النقل_الشاشات_الكاملة_RTL.pptx,live
transport-dashboard-western-upper-egypt-development-impact,لوحة الأثر الاقتصادي و التنموي– طريق الصعيد الغربي,Economic & Development Dashboard — Western Upper Egypt,Transport,Dashboards,Dashboard · Western Upper Egypt,transport,https://transport-platform-apps.vercel.app/projects/dashboard-western-upper-egypt-development-impact/index.html?lang=ar,,verified,تطبيقات_منصة_وزارة_النقل.pptx,live
transport-dashboard-35c11a505b,لوحة الأثر الاقتصادي و التنموي–القوس الشرقي للطريق الدائري الإقليمي وخط الروبيكي,Economic & Development Dashboard — Eastern Regional Ring Road,Transport,Dashboards,Dashboard · Eastern Regional Ring Road,transport,https://transport-platform-apps.vercel.app/projects/dashboard-35c11a505b/index.html?lang=ar,,verified,تطبيقات_منصة_وزارة_النقل.pptx,live
transport-dashboard-qus-development-impact,لوحة الأثر الاقتصادي و التنموي– محور قوص,Economic & Development Dashboard — Qus,Transport,Dashboards,Dashboard · Qus,transport,https://transport-platform-apps.vercel.app/projects/dashboard-qus-development-impact/index.html?lang=ar,,verified,تطبيقات_منصة_وزارة_النقل.pptx,live
transport-dashboard-kalabsha-development-impact,لوحة الأثر الاقتصادي و التنموي– محور كلابشة,Economic & Development Dashboard — Kalabsha,Transport,Dashboards,Dashboard · Kalabsha,transport,https://transport-platform-apps.vercel.app/projects/dashboard-kalabsha-development-impact/index.html?lang=ar,,verified,تطبيقات_منصة_وزارة_النقل.pptx,live
transport-dashboard-dabaa-development-impact,لوحة الأثر الاقتصادي و التنموي– محور الضبعة,Economic & Development Dashboard — Dabaa,Transport,Dashboards,Dashboard · Dabaa,transport,https://transport-platform-apps.vercel.app/projects/dashboard-dabaa-development-impact/index.html?lang=ar,,verified,تطبيقات_منصة_وزارة_النقل.pptx,live
obour-city-website,منصة شبكات مرافق مدينة العبور الجديدة,New Obour City Infrastructure Portal,GIS,GIS,GIS / Spatial,,,https://github.com/SAAD23-lgtm/Obour-Overview,pending,,case
obour-utility-dashboards,داشبورد شبكات مرافق العبور الجديدة,New Obour City Utility Dashboards,GIS,Dashboards,Dashboards,,,https://github.com/SAAD23-lgtm/Obour-Utilty,pending,,case
matrouh-survey-portal,بوابة استبيانات قطاع مطروح,Matrouh Field Survey Portal,GIS,Platforms,Platforms,,,https://github.com/SAAD23-lgtm/Matrouh-Sector,pending,,case
westafrica-economic,داشبورد التنمية الاقتصادية لغرب أفريقيا,West Africa Economic Development Dashboard,GIS,Dashboards,Dashboards,,,https://ae.linkedin.com/posts/saadbarghouth_gis-arcgis-dataanalysis-activity-7305301496668020736-X7Rb,pending,,case
vodafone-poc,إعداد البيانات الجغرافية لمشروع Vodafone POC,Vodafone GIS Proof-of-Concept Data Conversion,GIS,GIS,GIS / Spatial,,,,pending,,case
salhiya-geojson,البيانات الجغرافية لمدينة الصالحية,El Salhiya GIS Datasets,GIS,GIS,GIS / Spatial,,,,pending,,case
suez-geojson,البيانات الجغرافية لمدينة السويس,Suez GIS Datasets,GIS,GIS,GIS / Spatial,,,,pending,,case
may15-geojson,البيانات الجغرافية لمدينة 15 مايو,15 May City GIS Datasets,GIS,GIS,GIS / Spatial,,,,pending,,case
industrial-field-survey,نظام المسح الميداني للقطاع الصناعي,Industrial Sector Survey123 System,GIS,GIS,GIS / Spatial,,,,pending,,case
tourism-field-survey,نظام المسح الميداني للقطاع السياحي,Tourism Sector Survey123 System,GIS,GIS,GIS / Spatial,,,,pending,,case
agriculture-field-survey,نظام المسح الميداني للقطاع الزراعي,Agriculture Survey123 System,GIS,GIS,GIS / Spatial,,,,pending,,case
fish-farms-field-survey,نظام مسح المزارع السمكية,Fish Farms Survey123 System,GIS,GIS,GIS / Spatial,,,,pending,,case
rsg-destinations,نظام إدارة وجهات البحر الأحمر,RSG Regenerative Destination Management,GIS,Platforms,Platforms,,,,verified,RSG_Destination_Management_Platform_Detailed_Explainer_EN.pptx,case
