"id","project","destination","sourceListingTitle","state","httpStatus","finalUrl","pageTitle","identity","loginRequired","identityEvidence","error"
"modelbuilder","ArcGIS ModelBuilder Final Assessment","https://arcgis-modelbuilder-final-exam.ai.studio/","ArcGIS ModelBuilder Final Assessment","reachable","200","https://arcgis-modelbuilder-final-exam.ai.studio/","ArcGIS ModelBuilder Final Exam | GIS Professional Assessment","confirmed","no","The live page title/content includes project-specific terms: arcgis, modelbuilder.",""
"albakhira-events","Albakhira Events Hall","https://albakhira-hall.vercel.app/","Albakhira Events Hall","reachable","200","https://albakhira-hall.vercel.app/","الرئيسية | قاعة الباخرة للاحتفالات بجدة - الحرازات","confirmed","no","The live page title/content includes project-specific terms: hall, قاعة.",""
"albakhira-content","Albakhira Digital Content Platform","https://albakhira-social-media.vercel.app/","Albakhira Digital Content Platform","reachable","200","https://albakhira-social-media.vercel.app/","قاعة الباخرة للاحتفالات بجدة | حجز وتواصل مباشر","mismatch","no","The Notaq destination displays the Al Bakhira celebration hall and booking/contact details, not a digital content platform.",""
"academy-live","Academy Live Learning Platform","https://academy-live.vercel.app/","Academy Live Learning Platform","reachable","200","https://academy-live.vercel.app/","منصة الأستاذ عُبيدة","confirmed","no","The Notaq-linked page is an Arabic teacher-led learning platform with lessons, exams and student progress content; the different title is the teacher's name.",""
"elite-management","Elite Business Management","https://elite-mange.vercel.app/","Elite Business Management","reachable","200","https://elite-mange.vercel.app/","النخبة للحفلات والإعاشة | Elite Catering","mismatch","no","The Notaq destination is the Elite Catering public marketing site; it does not identify or present the catalogued business-management system.",""
"elite-one","Elite One","https://elite-one-blush.vercel.app/","Elite One","reachable","200","https://elite-one-blush.vercel.app/","إيليت | النخبة للحفلات والإعاشة","confirmed","no","The live page title/content includes project-specific terms: elite, ايليت.",""
"empire-store","Empire Store","https://empire-store-pearl.vercel.app/","Empire Store","reachable","200","https://empire-store-pearl.vercel.app/","Empire Brand | Egyptian Streetwear","confirmed","no","The Notaq-linked storefront identifies itself as Empire Brand and presents Egyptian streetwear products.",""
"ai-studio","AI Services Studio","https://service-4321.ai.studio/","AI Services Studio","reachable","200","https://service-4321.ai.studio/","قاعة الياقوت","mismatch","no","The Notaq destination identifies a celebration venue, not an AI services studio.",""
"cloud-platform","Cloud Services Platform","https://service-339591511497.europe-west3.run.app/","Cloud Services Platform","reachable","200","https://service-339591511497.europe-west3.run.app/?offer=1","مستكة | عروض العناية الفائقة (باقة لمسة & باقة الروزماري بـ 99 ر.س)","mismatch","no","The Notaq link resolves to a Mostaka personal-care storefront, not a cloud services platform.",""
"offer-landing","Special Offer Landing Page","https://service-339591511497.europe-west3.run.app/?offer=1","Special Offer Landing Page","reachable","200","https://service-339591511497.europe-west3.run.app/?offer=1","مستكة | عروض العناية الفائقة (باقة لمسة & باقة الروزماري بـ 99 ر.س)","confirmed","no","The direct Notaq destination opens a branded special-offer storefront page.",""
"kids-maps","Interactive Maps for Kids","https://map-kids-theta.vercel.app/","Interactive Maps for Kids","reachable","200","https://map-kids-theta.vercel.app/","الخرائط التعليمية الذكية - كنوز مصر للصف الخامس الابتدائي","confirmed","no","The linked page identifies an educational map experience for children and fifth-grade Egyptian curriculum content.",""
"teba-store","Teba Store","https://teba-store.vercel.app/","Teba Store","reachable","200","https://teba-store.vercel.app/","Qasr Tayiba Palace","mismatch","no","The Notaq destination is a Qasr Tayiba Palace teaser page and does not present the catalogued Teba Store.",""
"nemora","Nemora Printed Apparel","https://nemora.vercel.app/","Nemora Printed Apparel","reachable","200","https://nemora.vercel.app/","nemora - Custom Printed Apparel","confirmed","no","The live page title/content includes project-specific terms: nemora, printed, apparel.",""
"museum","Grand Egyptian Museum Experience","https://egyptian-museum-theta.vercel.app/","Grand Egyptian Museum Experience","reachable","200","https://egyptian-museum-theta.vercel.app/","Grand Egyptian Museum New","confirmed","no","The live page title/content includes project-specific terms: grand, egyptian, museum, تجربة, المتحف, المصري.",""
"geoinfo-site","GeoInformatics GIS","https://geo-informatics-for-information-sys-eight.vercel.app/","GeoInformatics GIS","reachable","200","https://geo-informatics-for-information-sys-eight.vercel.app/","GeoInformatics","confirmed","no","The live page title/content includes project-specific terms: geoinformatics, gis.",""
"reeq-store","Reeq Water Store","https://xn--wgb8axa.com/","Reeq Water Store","reachable","200","https://xn--wgb8axa.com/","متجر ريق | توصيل مياه الشرب والعروض في الرياض","confirmed","no","The live page title/content includes project-specific terms: water, store, متجر, مياه, ريق.",""
"mahrous-esraa","Mahrous & Esraa — Digital Invitation","https://mahrous-esraa.vercel.app/","Mahrous & Esraa Law Office","reachable","200","https://mahrous-esraa.vercel.app/","Mahrous & Esraa — Wedding Invitation | 24 March 2026","confirmed","no","The destination title and page content identify the Mahrous & Esraa wedding invitation, despite the different Notaq listing heading.",""
"kunuz","Kunuz Misr Interactive Maps","https://platform-map-1.vercel.app/","Kunuz Misr Interactive Maps","reachable","200","https://platform-map-1.vercel.app/","كنوز مصر | خرائط تفاعلية","confirmed","no","The live page title/content includes project-specific terms: كنوز, مصر, خرايط, تفاعلية.",""
"kids-dashboard","Kids Geography Learning Dashboard","https://dashboard-ana-map-1-4iie.vercel.app/","Kids Geography Learning Dashboard","reachable","200","https://dashboard-ana-map-1-4iie.vercel.app/","Kids Geo Dashboard","confirmed","no","The live page title/content includes project-specific terms: kids, للاطفال.",""
"learning-journey","Interactive Learning Journey","https://kids-geo-dashboard.vercel.app/","Interactive Learning Journey","reachable","200","https://kids-geo-dashboard.vercel.app/","رحلة التعلم التفاعلية","confirmed","no","The live page title/content includes project-specific terms: رحلة, التعلم, التفاعلية.",""
"worklog","WorkLog Time Tracker","https://time-care-log.lovable.app/install","WorkLog Time Tracker","reachable","200","https://time-care-log.lovable.app/install","WorkLog - سجل ساعات العمل","confirmed","yes","The page title and body identify WorkLog as a work-hours and attendance application; the application itself requires sign-in.",""
"ask-saad","Ask Saad — GIS AI Assistant","https://ask-saad-barghouth.lovable.app/","Ask Saad - GIS Assistant","reachable","200","https://ask-saad-barghouth.lovable.app/auth","Ask Saad — مستشار نظم المعلومات الجغرافية","confirmed","yes","The page title and sign-in copy identify the Ask Saad GIS assistant.",""
"startup-landing","Technology Startup Landing Page","https://tech-startup-landing.vercel.app/","Technology Startup Landing Page","reachable","200","https://tech-startup-landing.vercel.app/","TechVenture - 혁신을 만드는 스타트업","confirmed","no","The Notaq-linked page is a technology-startup landing-page demo; its visible TechVenture/TechCorp branding and Korean AI copy are recorded as rendered.",""
"transport","Transportation GIS Platform — 78 Apps","https://transport-platform-apps.vercel.app/","","reachable","200","https://transport-platform-apps.vercel.app/","منصة تطبيقات وزارة النقل","confirmed","no","The URL host and visible page identify the Ministry of Transport applications platform.",""
"smart-infra","Smart Cities & Infrastructure Networks","https://geoinformatics-smart-infrastructure.ai.studio/","","reachable","200","https://geoinformatics-smart-infrastructure.ai.studio/","لوحة شبكات مرافق المدن العمرانية الجديدة","confirmed","no","The direct project hostname identifies the smart-infrastructure application.",""
"ainsijam","Ain Sijam — Real Estate Intelligence","https://ain-sijam-real-estate.vercel.app/","","reachable","200","https://ain-sijam-real-estate.vercel.app/","عين سيجام لتخطيط الأراضي وإدارة مواقع البناء","confirmed","no","The direct project hostname and visible Arabic product name identify Ain Sijam.",""
"redsea","Red Sea Global — GIS Monitoring","https://rsgis.vercel.app/","","reachable","200","https://rsgis.vercel.app/","RSG Geo-Intelligence Command Center","confirmed","no","The live interface identifies the Red Sea Global GIS monitoring application.",""
"riqportal","REEQ — Smart Water Management Portal","https://riqportal.ai.studio/","","reachable","200","https://riqportal.ai.studio/","REEQ System | نظام مياه ريق الذكي","confirmed","yes","The live page title/content includes project-specific terms: reeq, portal, نظام, ريق, الذكي.",""
"portfolio","Saad Barghouth — Portfolio","https://www.barghouth.me/","","reachable","200","https://www.barghouth.me/","Saad Barghouth | GIS Team Leader & Web GIS Developer","confirmed","no","The live page is Saad Barghouth's professional GIS/Web GIS portfolio.",""
"transport-dashboard-5c855c890c","Urban Land Dashboard — Western Upper Egypt","https://transport-platform-apps.vercel.app/projects/dashboard-5c855c890c/index.html?lang=ar","","reachable","200","https://transport-platform-apps.vercel.app/projects/dashboard-5c855c890c/index.html?lang=ar","لوحة مؤشرات الأراضي العمرانية – طريق الصعيد الغربي","confirmed","no","The project-specific URL path contains the documented source slug “dashboard-5c855c890c”.",""
"transport-dashboard-4236f7c912","Agriculture & Industry Dashboard — Western Upper Egypt","https://transport-platform-apps.vercel.app/projects/dashboard-4236f7c912/index.html?lang=ar","","reachable","200","https://transport-platform-apps.vercel.app/projects/dashboard-4236f7c912/index.html?lang=ar","لوحة مؤشرات الأراضي الزراعية والصناعية – طريق الصعيد الغربي","confirmed","no","The project-specific URL path contains the documented source slug “dashboard-4236f7c912”.",""
"transport-dashboard-49446055c2","Land Prices Dashboard — Western Upper Egypt","https://transport-platform-apps.vercel.app/projects/dashboard-49446055c2/index.html?lang=ar","","reachable","200","https://transport-platform-apps.vercel.app/projects/dashboard-49446055c2/index.html?lang=ar","لوحة مؤشرات أسعار الأراضي – طريق الصعيد الغربي","confirmed","no","The project-specific URL path contains the documented source slug “dashboard-49446055c2”.",""
"transport-storymap-92d2a80d7f","Interactive StoryMap — Western Upper Egypt","https://transport-platform-apps.vercel.app/projects/storymap-92d2a80d7f/index.html?lang=ar","","reachable","200","https://transport-platform-apps.vercel.app/projects/storymap-92d2a80d7f/index.html?lang=ar","طريق الصعيد الغربي","confirmed","no","The project-specific URL path contains the documented source slug “storymap-92d2a80d7f”.",""
"transport-dashboard-ismailia-urban","Urban Land Dashboard — Cairo–Ismailia","https://transport-platform-apps.vercel.app/projects/dashboard-ismailia-urban/index.html?lang=ar","","reachable","200","https://transport-platform-apps.vercel.app/projects/dashboard-ismailia-urban/index.html?lang=ar","لوحة مؤشرات الأراضي العمرانية – طريق القاهرة–الإسماعيلية","confirmed","no","The project-specific URL path contains the documented source slug “dashboard-ismailia-urban”.",""
"transport-dashboard-ismailia-development-impact","Development Impact Dashboard — Cairo–Ismailia","https://transport-platform-apps.vercel.app/projects/dashboard-ismailia-development-impact/index.html?lang=ar","","reachable","200","https://transport-platform-apps.vercel.app/projects/dashboard-ismailia-development-impact/index.html?lang=ar","لوحة الأثر التنموي للجزء المطور – طريق القاهرة–الإسماعيلية","confirmed","no","The project-specific URL path contains the documented source slug “dashboard-ismailia-development-impact”.",""
"transport-dashboard-ismailia-agriculture","Agriculture & Industry Dashboard — Cairo–Ismailia","https://transport-platform-apps.vercel.app/projects/dashboard-ismailia-agriculture/index.html?lang=ar","","reachable","200","https://transport-platform-apps.vercel.app/projects/dashboard-ismailia-agriculture/index.html?lang=ar","لوحة مؤشرات الأراضي الزراعية والصناعية – طريق القاهرة–الإسماعيلية","confirmed","no","The project-specific URL path contains the documented source slug “dashboard-ismailia-agriculture”.",""
"transport-dashboard-ismailia-prices","Land Prices Dashboard — Cairo–Ismailia","https://transport-platform-apps.vercel.app/projects/dashboard-ismailia-prices/index.html?lang=ar","","reachable","200","https://transport-platform-apps.vercel.app/projects/dashboard-ismailia-prices/index.html?lang=ar","لوحة مؤشرات أسعار الأراضي – طريق القاهرة–الإسماعيلية","confirmed","no","The project-specific URL path contains the documented source slug “dashboard-ismailia-prices”.",""
"transport-storymap-ismailia","Interactive StoryMap — Cairo–Ismailia","https://transport-platform-apps.vercel.app/projects/storymap-ismailia/index.html?lang=ar","","reachable","200","https://transport-platform-apps.vercel.app/projects/storymap-ismailia/index.html?lang=ar","القصة المكانية التفاعلية – طريق القاهرة–الإسماعيلية","confirmed","no","The project-specific URL path contains the documented source slug “storymap-ismailia”.",""
"transport-dashboard-686d8234e8","Urban Land Dashboard — Cairo–Suez","https://transport-platform-apps.vercel.app/projects/dashboard-686d8234e8/index.html?lang=ar","","reachable","200","https://transport-platform-apps.vercel.app/projects/dashboard-686d8234e8/index.html?lang=ar","لوحة مؤشرات الأراضي العمرانية – طريق القاهرة - السويس الصحراوي","confirmed","no","The project-specific URL path contains the documented source slug “dashboard-686d8234e8”.",""
"transport-dashboard-8a75afd782","Agriculture & Industry Dashboard — Cairo–Suez","https://transport-platform-apps.vercel.app/projects/dashboard-8a75afd782/index.html?lang=ar","","reachable","200","https://transport-platform-apps.vercel.app/projects/dashboard-8a75afd782/index.html?lang=ar","لوحة مؤشرات الأراضي الزراعية والصناعية – طريق القاهرة - السويس الصحراوي","confirmed","no","The project-specific URL path contains the documented source slug “dashboard-8a75afd782”.",""
"transport-dashboard-4b4547b902","Land Prices Dashboard — Cairo–Suez","https://transport-platform-apps.vercel.app/projects/dashboard-4b4547b902/index.html?lang=ar","","reachable","200","https://transport-platform-apps.vercel.app/projects/dashboard-4b4547b902/index.html?lang=ar","لوحة مؤشرات أسعار الأراضي – طريق القاهرة - السويس الصحراوي","confirmed","no","The project-specific URL path contains the documented source slug “dashboard-4b4547b902”.",""
"transport-storymap-739c03527e","Interactive StoryMap — Cairo–Suez","https://transport-platform-apps.vercel.app/projects/storymap-739c03527e/index.html?lang=ar","","reachable","200","https://transport-platform-apps.vercel.app/projects/storymap-739c03527e/index.html?lang=ar","طريق القاهرة - السويس الصحراوي - (السويس الحر)","confirmed","no","The project-specific URL path contains the documented source slug “storymap-739c03527e”.",""
"transport-dashboard-ab7611e2f4","Urban Land Dashboard — Eastern Regional Ring Road","https://transport-platform-apps.vercel.app/projects/dashboard-ab7611e2f4/index.html?lang=ar","","reachable","200","https://transport-platform-apps.vercel.app/projects/dashboard-ab7611e2f4/index.html?lang=ar","لوحة مؤشرات الأراضي العمرانية – القوس الشرقي للطريق الدائري الإقليمي وخط الروبيكي","confirmed","no","The project-specific URL path contains the documented source slug “dashboard-ab7611e2f4”.",""
"transport-dashboard-b99ee8d8fc","Agriculture & Industry Dashboard — Eastern Regional Ring Road","https://transport-platform-apps.vercel.app/projects/dashboard-b99ee8d8fc/index.html?lang=ar","","reachable","200","https://transport-platform-apps.vercel.app/projects/dashboard-b99ee8d8fc/index.html?lang=ar","لوحة مؤشرات الأراضي الزراعية والصناعية – القوس الشرقي للطريق الدائري الإقليمي وخط الروبيكي","confirmed","no","The project-specific URL path contains the documented source slug “dashboard-b99ee8d8fc”.",""
"transport-dashboard-04811fcd6f","Land Prices Dashboard — Eastern Regional Ring Road","https://transport-platform-apps.vercel.app/projects/dashboard-04811fcd6f/index.html?lang=ar","","reachable","200","https://transport-platform-apps.vercel.app/projects/dashboard-04811fcd6f/index.html?lang=ar","لوحة مؤشرات أسعار الأراضي – القوس الشرقي للطريق الدائري الإقليمي وخط الروبيكي","confirmed","no","The project-specific URL path contains the documented source slug “dashboard-04811fcd6f”.",""
"transport-storymap-3678b8faa7","Interactive StoryMap — Eastern Regional Ring Road","https://transport-platform-apps.vercel.app/projects/storymap-3678b8faa7/index.html?lang=ar","","reachable","200","https://transport-platform-apps.vercel.app/projects/storymap-3678b8faa7/index.html?lang=ar","منطقة الدراسة القوس الشرقى للدائرى الأقليمى و خط الروبيكى","confirmed","no","The project-specific URL path contains the documented source slug “storymap-3678b8faa7”.",""
"transport-dashboard-064fecc5d9","Urban Land Dashboard — Kalabsha","https://transport-platform-apps.vercel.app/projects/dashboard-064fecc5d9/index.html?lang=ar","","reachable","200","https://transport-platform-apps.vercel.app/projects/dashboard-064fecc5d9/index.html?lang=ar","لوحة مؤشرات الأراضي العمرانية – طريق كلابشة","confirmed","no","The project-specific URL path contains the documented source slug “dashboard-064fecc5d9”.",""
"transport-dashboard-989c5ff2f9","Agriculture Dashboard — Kalabsha","https://transport-platform-apps.vercel.app/projects/dashboard-989c5ff2f9/index.html?lang=ar","","reachable","200","https://transport-platform-apps.vercel.app/projects/dashboard-989c5ff2f9/index.html?lang=ar","لوحة مؤشرات الأراضي الزراعية – طريق كلابشة","confirmed","no","The project-specific URL path contains the documented source slug “dashboard-989c5ff2f9”.",""
"transport-dashboard-2529bc0ae6","Land Prices Dashboard — Kalabsha","https://transport-platform-apps.vercel.app/projects/dashboard-2529bc0ae6/index.html?lang=ar","","reachable","200","https://transport-platform-apps.vercel.app/projects/dashboard-2529bc0ae6/index.html?lang=ar","لوحة مؤشرات أسعار الأراضي – طريق كلابشة","confirmed","no","The project-specific URL path contains the documented source slug “dashboard-2529bc0ae6”.",""
"transport-storymap-3c8f04f4d0","Land-Use Change StoryMap — Kalabsha","https://transport-platform-apps.vercel.app/projects/storymap-3c8f04f4d0/index.html?lang=ar","","reachable","200","https://transport-platform-apps.vercel.app/projects/storymap-3c8f04f4d0/index.html?lang=ar","تطور الاراضي المحيطة بطريق كلابشة","confirmed","no","The project-specific URL path contains the documented source slug “storymap-3c8f04f4d0”.",""
"transport-dashboard-1cb1e42f43","Urban Land Dashboard — South Dahshur","https://transport-platform-apps.vercel.app/projects/dashboard-1cb1e42f43/index.html?lang=ar","","reachable","200","https://transport-platform-apps.vercel.app/projects/dashboard-1cb1e42f43/index.html?lang=ar","لوحة مؤشرات الأراضي العمرانية – وصلة دهشور الجنوبية","confirmed","no","The project-specific URL path contains the documented source slug “dashboard-1cb1e42f43”.",""
"transport-dashboard-97daea1db8","Agriculture & Industry Dashboard — South Dahshur","https://transport-platform-apps.vercel.app/projects/dashboard-97daea1db8/index.html?lang=ar","","reachable","200","https://transport-platform-apps.vercel.app/projects/dashboard-97daea1db8/index.html?lang=ar","لوحة مؤشرات الأراضي الزراعية والصناعية – وصلة دهشور الجنوبية","confirmed","no","The project-specific URL path contains the documented source slug “dashboard-97daea1db8”.",""
"transport-dashboard-687e564801","Land Prices Dashboard — South Dahshur","https://transport-platform-apps.vercel.app/projects/dashboard-687e564801/index.html?lang=ar","","reachable","200","https://transport-platform-apps.vercel.app/projects/dashboard-687e564801/index.html?lang=ar","لوحة مؤشرات أسعار الأراضي – وصلة دهشور الجنوبية","confirmed","no","The project-specific URL path contains the documented source slug “dashboard-687e564801”.",""
"transport-storymap-dahshur","Interactive StoryMap — South Dahshur","https://transport-platform-apps.vercel.app/projects/storymap-dahshur/index.html?lang=ar","","reachable","200","https://transport-platform-apps.vercel.app/projects/storymap-dahshur/index.html?lang=ar","القصة المكانية التفاعلية – وصلة دهشور الجنوبية","confirmed","no","The project-specific URL path contains the documented source slug “storymap-dahshur”.",""
"transport-dashboard-3e59ea73ec","Urban Land Dashboard — Qus","https://transport-platform-apps.vercel.app/projects/dashboard-3e59ea73ec/index.html?lang=ar","","reachable","200","https://transport-platform-apps.vercel.app/projects/dashboard-3e59ea73ec/index.html?lang=ar","لوحة مؤشرات الأراضي العمرانية – طريق قوص","confirmed","no","The project-specific URL path contains the documented source slug “dashboard-3e59ea73ec”.",""
"transport-dashboard-5a3aaa3b3a","Agriculture & Industry Dashboard — Qus","https://transport-platform-apps.vercel.app/projects/dashboard-5a3aaa3b3a/index.html?lang=ar","","reachable","200","https://transport-platform-apps.vercel.app/projects/dashboard-5a3aaa3b3a/index.html?lang=ar","لوحة مؤشرات الأراضي الزراعية – طريق قوص","confirmed","no","The project-specific URL path contains the documented source slug “dashboard-5a3aaa3b3a”.",""
"transport-dashboard-58fefdb551","Land Prices Dashboard — Qus","https://transport-platform-apps.vercel.app/projects/dashboard-58fefdb551/index.html?lang=ar","","reachable","200","https://transport-platform-apps.vercel.app/projects/dashboard-58fefdb551/index.html?lang=ar","لوحة مؤشرات أسعار الأراضي – طريق قوص","confirmed","no","The project-specific URL path contains the documented source slug “dashboard-58fefdb551”.",""
"transport-storymap-bd328e2a5b","Land-Use Change StoryMap — Qus","https://transport-platform-apps.vercel.app/projects/storymap-bd328e2a5b/index.html?lang=ar","","reachable","200","https://transport-platform-apps.vercel.app/projects/storymap-bd328e2a5b/index.html?lang=ar","تطور الاراضي المحيطة بطريق قوص","confirmed","no","The project-specific URL path contains the documented source slug “storymap-bd328e2a5b”.",""
"transport-dashboard-24259ddcec","Urban Land Dashboard — Qena–Luxor","https://transport-platform-apps.vercel.app/projects/dashboard-24259ddcec/index.html?lang=ar","","reachable","200","https://transport-platform-apps.vercel.app/projects/dashboard-24259ddcec/index.html?lang=ar","لوحة مؤشرات الأراضي العمرانية – طريق قنا - الأقصر","confirmed","no","The project-specific URL path contains the documented source slug “dashboard-24259ddcec”.",""
"transport-dashboard-0c7d78be88","Agriculture Dashboard — Qena–Luxor","https://transport-platform-apps.vercel.app/projects/dashboard-0c7d78be88/index.html?lang=ar","","reachable","200","https://transport-platform-apps.vercel.app/projects/dashboard-0c7d78be88/index.html?lang=ar","لوحة مؤشرات الأراضي الزراعية – طريق قنا - الأقصر","confirmed","no","The project-specific URL path contains the documented source slug “dashboard-0c7d78be88”.",""
"transport-dashboard-048f4e4237","Land Prices Dashboard — Qena–Luxor","https://transport-platform-apps.vercel.app/projects/dashboard-048f4e4237/index.html?lang=ar","","reachable","200","https://transport-platform-apps.vercel.app/projects/dashboard-048f4e4237/index.html?lang=ar","لوحة مؤشرات أسعار الأراضي – طريق قنا - الأقصر","confirmed","no","The project-specific URL path contains the documented source slug “dashboard-048f4e4237”.",""
"transport-storymap-e98ec507f5","Land-Use Change StoryMap — Qena–Luxor","https://transport-platform-apps.vercel.app/projects/storymap-e98ec507f5/index.html?lang=ar","","reachable","200","https://transport-platform-apps.vercel.app/projects/storymap-e98ec507f5/index.html?lang=ar","تطور الاراضي المحيطة بطريق قنا الأقصر","confirmed","no","The project-specific URL path contains the documented source slug “storymap-e98ec507f5”.",""
"transport-dashboard-c79fcd32aa","Urban Land Dashboard — Dabaa","https://transport-platform-apps.vercel.app/projects/dashboard-c79fcd32aa/index.html?lang=ar","","reachable","200","https://transport-platform-apps.vercel.app/projects/dashboard-c79fcd32aa/index.html?lang=ar","لوحة مؤشرات الأراضي العمرانية و الزراعية – طريق الضبعة","confirmed","no","The project-specific URL path contains the documented source slug “dashboard-c79fcd32aa”.",""
"transport-dashboard-c1e29f0123","Agriculture Dashboard — Dabaa","https://transport-platform-apps.vercel.app/projects/dashboard-c1e29f0123/index.html?lang=ar","","reachable","200","https://transport-platform-apps.vercel.app/projects/dashboard-c1e29f0123/index.html?lang=ar","لوحة مؤشرات الأراضي الزراعية – طريق الضبعة","confirmed","no","The project-specific URL path contains the documented source slug “dashboard-c1e29f0123”.",""
"transport-dashboard-594d7c7ff4","Land Prices Dashboard — Dabaa","https://transport-platform-apps.vercel.app/projects/dashboard-594d7c7ff4/index.html?lang=ar","","reachable","200","https://transport-platform-apps.vercel.app/projects/dashboard-594d7c7ff4/index.html?lang=ar","لوحة مؤشرات أسعار الأراضي – طريق الضبعة","confirmed","no","The project-specific URL path contains the documented source slug “dashboard-594d7c7ff4”.",""
"transport-storymap-3bc68f337f","Land-Use Change StoryMap — Dabaa","https://transport-platform-apps.vercel.app/projects/storymap-3bc68f337f/index.html?lang=ar","","reachable","200","https://transport-platform-apps.vercel.app/projects/storymap-3bc68f337f/index.html?lang=ar","تطور الأراضي المحيطة بطريق الضبعة","confirmed","no","The project-specific URL path contains the documented source slug “storymap-3bc68f337f”.",""
"transport-dashboard-western-upper-egypt-development-impact","Economic & Development Dashboard — Western Upper Egypt","https://transport-platform-apps.vercel.app/projects/dashboard-western-upper-egypt-development-impact/index.html?lang=ar","","reachable","200","https://transport-platform-apps.vercel.app/projects/dashboard-western-upper-egypt-development-impact/index.html?lang=ar","لوحة الأثر الاقتصادي والتنموي للجزء المطور – محور الصعيد الصحراوي الغربي","confirmed","no","The project-specific URL path contains the documented source slug “dashboard-western-upper-egypt-development-impact”.",""
"transport-dashboard-35c11a505b","Economic & Development Dashboard — Eastern Regional Ring Road","https://transport-platform-apps.vercel.app/projects/dashboard-35c11a505b/index.html?lang=ar","","reachable","200","https://transport-platform-apps.vercel.app/projects/dashboard-35c11a505b/index.html?lang=ar","قياس الأثر التنموي في نطاق التأثير التنموي المباشر للقوس الشرقي للطريق الدائري خلال الـ 30 سنة القادمة","confirmed","no","The project-specific URL path contains the documented source slug “dashboard-35c11a505b”.",""
"transport-dashboard-qus-development-impact","Economic & Development Dashboard — Qus","https://transport-platform-apps.vercel.app/projects/dashboard-qus-development-impact/index.html?lang=ar","","reachable","200","https://transport-platform-apps.vercel.app/projects/dashboard-qus-development-impact/index.html?lang=ar","لوحة الأثر التنموي للجزء المطور – طريق قوص","confirmed","no","The project-specific URL path contains the documented source slug “dashboard-qus-development-impact”.",""
"transport-dashboard-kalabsha-development-impact","Economic & Development Dashboard — Kalabsha","https://transport-platform-apps.vercel.app/projects/dashboard-kalabsha-development-impact/index.html?lang=ar","","reachable","200","https://transport-platform-apps.vercel.app/projects/dashboard-kalabsha-development-impact/index.html?lang=ar","لوحة الأثر التنموي للجزء المطور – طريق كلابشة","confirmed","no","The project-specific URL path contains the documented source slug “dashboard-kalabsha-development-impact”.",""
"transport-dashboard-dabaa-development-impact","Economic & Development Dashboard — Dabaa","https://transport-platform-apps.vercel.app/projects/dashboard-dabaa-development-impact/index.html?lang=ar","","reachable","200","https://transport-platform-apps.vercel.app/projects/dashboard-dabaa-development-impact/index.html?lang=ar","لوحة الأثر التنموي للجزء المطور – محور الضبعة","confirmed","no","The project-specific URL path contains the documented source slug “dashboard-dabaa-development-impact”.",""
"cloud-run-preview-wky6","Vodafone Passive Network — GIS Utility Dashboard","https://ais-pre-wky6oqrv4sqsmfc2u255y4-765485755783.europe-west2.run.app/","","reachable","200","https://ais-pre-wky6oqrv4sqsmfc2u255y4-765485755783.europe-west2.run.app/","Vodafone Passive Network","confirmed","no","Visible page title and heading identify Vodafone Passive Network — GIS Utility Dashboard.",""
"cloud-run-preview-eec2","Red Sea Global — Geospatial Intelligence & Remote-Sensing Pitch","https://ais-pre-eec2t27f2vkdxv75lhrmiw-631023896665.europe-west2.run.app/","","reachable","200","https://ais-pre-eec2t27f2vkdxv75lhrmiw-631023896665.europe-west2.run.app/","My Google AI Studio App","confirmed","no","Visible page title and interface identify a Red Sea Global geospatial and remote-sensing pitch.",""
