"id","project","archiveTreatment","state","cover","gallery","evidence","source","linkState"
"modelbuilder","ArcGIS ModelBuilder Final Assessment","standalone project","verified","/screenshots/modelbuilder-live.jpg","/screenshots/modelbuilder-live.jpg","Captured directly from the project's own live interface at https://arcgis-modelbuilder-final-exam.ai.studio/. The live page title/content includes project-specific terms: arcgis, modelbuilder.","https://arcgis-modelbuilder-final-exam.ai.studio/","confirmed"
"albakhira-events","Albakhira Events Hall","standalone project","verified","/screenshots/albakhira-events-live.jpg","/screenshots/albakhira-events-live.jpg","Captured directly from the project's own live interface at https://albakhira-hall.vercel.app/. The live page title/content includes project-specific terms: hall, قاعة.","https://albakhira-hall.vercel.app/","confirmed"
"albakhira-content","Albakhira Digital Content Platform","standalone project","pending","","","The Notaq destination displays the Al Bakhira celebration hall and booking/contact details, not a digital content platform. This page is not used as screenshot evidence for this project.","","mismatch"
"academy-live","Academy Live Learning Platform","standalone project","verified","/screenshots/academy-live-live.jpg","/screenshots/academy-live-live.jpg | /screenshots/academy-live-live-mobile.jpg","Captured directly from the project's own live interface at https://academy-live.vercel.app/. The Notaq-linked page is an Arabic teacher-led learning platform with lessons, exams and student progress content; the different title is the teacher's name.","https://academy-live.vercel.app/","confirmed"
"elite-management","Elite Business Management","standalone project","pending","","","The Notaq destination is the Elite Catering public marketing site; it does not identify or present the catalogued business-management system. This page is not used as screenshot evidence for this project.","","mismatch"
"elite-one","Elite One","standalone project","verified","/screenshots/elite-one-live.jpg","/screenshots/elite-one-live.jpg","Captured directly from the project's own live interface at https://elite-one-blush.vercel.app/. The live page title/content includes project-specific terms: elite, ايليت.","https://elite-one-blush.vercel.app/","confirmed"
"empire-store","Empire Store","standalone project","verified","/screenshots/empire-store-live.jpg","/screenshots/empire-store-live.jpg | /screenshots/empire-store-live-mobile.jpg","Captured directly from the project's own live interface at https://empire-store-pearl.vercel.app/. The Notaq-linked storefront identifies itself as Empire Brand and presents Egyptian streetwear products.","https://empire-store-pearl.vercel.app/","confirmed"
"ai-studio","AI Services Studio","standalone project","pending","","","The Notaq destination identifies a celebration venue, not an AI services studio. This page is not used as screenshot evidence for this project.","","mismatch"
"cloud-platform","Cloud Services Platform","standalone project","pending","","","The Notaq link resolves to a Mostaka personal-care storefront, not a cloud services platform. This page is not used as screenshot evidence for this project.","","mismatch"
"offer-landing","Special Offer Landing Page","standalone project","verified","/screenshots/offer-landing-live.jpg","/screenshots/offer-landing-live.jpg","Captured directly from the project's own live interface at https://service-339591511497.europe-west3.run.app/?offer=1. The direct Notaq destination opens a branded special-offer storefront page.","https://service-339591511497.europe-west3.run.app/?offer=1","confirmed"
"kids-maps","Interactive Maps for Kids","standalone project","verified","/screenshots/kids-maps-live.jpg","/screenshots/kids-maps-live.jpg | /screenshots/kids-maps-live-mobile.jpg","Captured directly from the project's own live interface at https://map-kids-theta.vercel.app/. The linked page identifies an educational map experience for children and fifth-grade Egyptian curriculum content.","https://map-kids-theta.vercel.app/","confirmed"
"teba-store","Teba Store","standalone project","pending","","","The Notaq destination is a Qasr Tayiba Palace teaser page and does not present the catalogued Teba Store. This page is not used as screenshot evidence for this project.","","mismatch"
"nemora","Nemora Printed Apparel","standalone project","verified","/screenshots/nemora-live.jpg","/screenshots/nemora-live.jpg","Captured directly from the project's own live interface at https://nemora.vercel.app/. The live page title/content includes project-specific terms: nemora, printed, apparel.","https://nemora.vercel.app/","confirmed"
"museum","Grand Egyptian Museum Experience","standalone project","verified","/screenshots/museum-live.jpg","/screenshots/museum-live.jpg","Captured directly from the project's own live interface at https://egyptian-museum-theta.vercel.app/. The live page title/content includes project-specific terms: grand, egyptian, museum, تجربة, المتحف, المصري.","https://egyptian-museum-theta.vercel.app/","confirmed"
"geoinfo-site","GeoInformatics GIS","standalone project","verified","/screenshots/geoinfo-site-live.jpg","/screenshots/geoinfo-site-live.jpg","Captured directly from the project's own live interface at https://geo-informatics-for-information-sys-eight.vercel.app/. The live page title/content includes project-specific terms: geoinformatics, gis.","https://geo-informatics-for-information-sys-eight.vercel.app/","confirmed"
"reeq-store","Reeq Water Store","standalone project","verified","/screenshots/reeq-store-live.jpg","/screenshots/reeq-store-live.jpg","Captured directly from the project's own live interface at https://xn--wgb8axa.com/. The live page title/content includes project-specific terms: water, store, متجر, مياه, ريق.","https://xn--wgb8axa.com/","confirmed"
"mahrous-esraa","Mahrous & Esraa — Digital Invitation","standalone project","verified","/screenshots/mahrous-esraa-live.jpg","/screenshots/mahrous-esraa-live.jpg","Captured directly from the project's own live interface at https://mahrous-esraa.vercel.app/. The destination title and page content identify the Mahrous & Esraa wedding invitation, despite the different Notaq listing heading.","https://mahrous-esraa.vercel.app/","confirmed"
"kunuz","Kunuz Misr Interactive Maps","standalone project","verified","/screenshots/kunuz-live.jpg","/screenshots/kunuz-live.jpg","Captured directly from the project's own live interface at https://platform-map-1.vercel.app/. The live page title/content includes project-specific terms: كنوز, مصر, خرايط, تفاعلية.","https://platform-map-1.vercel.app/","confirmed"
"kids-dashboard","Kids Geography Learning Dashboard","standalone project","verified","/screenshots/kids-dashboard-live.jpg","/screenshots/kids-dashboard-live.jpg","Captured directly from the project's own live interface at https://dashboard-ana-map-1-4iie.vercel.app/. The live page title/content includes project-specific terms: kids, للاطفال.","https://dashboard-ana-map-1-4iie.vercel.app/","confirmed"
"learning-journey","Interactive Learning Journey","standalone project","verified","/screenshots/learning-journey-live.jpg","/screenshots/learning-journey-live.jpg","Captured directly from the project's own live interface at https://kids-geo-dashboard.vercel.app/. The live page title/content includes project-specific terms: رحلة, التعلم, التفاعلية.","https://kids-geo-dashboard.vercel.app/","confirmed"
"worklog","WorkLog Time Tracker","standalone project","pending","","","The project URL is reachable and its identity is confirmed, but it stops at a login screen; the login page is not used as project screenshot evidence.","https://time-care-log.lovable.app/install","confirmed"
"ask-saad","Ask Saad — GIS AI Assistant","standalone project","pending","","","The project URL is reachable and its identity is confirmed, but it stops at a login screen; the login page is not used as project screenshot evidence.","https://ask-saad-barghouth.lovable.app/","confirmed"
"startup-landing","Technology Startup Landing Page","standalone project","verified","/screenshots/startup-landing-live.jpg","/screenshots/startup-landing-live.jpg | /screenshots/startup-landing-live-mobile.jpg","Captured directly from the project's own live interface at https://tech-startup-landing.vercel.app/. The Notaq-linked page is a technology-startup landing-page demo; its visible TechVenture/TechCorp branding and Korean AI copy are recorded as rendered.","https://tech-startup-landing.vercel.app/","confirmed"
"transport","Transportation GIS Platform — 78 Apps","standalone project","verified","/screenshots/transport-live.jpg","/screenshots/transport-live.jpg | /screenshots/transport-live-mobile.jpg | /screenshots/transport-main.webp | /screenshots/transport-impact.webp","Captured directly from the project's own live interface at https://transport-platform-apps.vercel.app/. The URL host and visible page identify the Ministry of Transport applications platform.","https://transport-platform-apps.vercel.app/","confirmed"
"smart-infra","Smart Cities & Infrastructure Networks","standalone project","verified","/screenshots/smart-infra-overview.webp","/screenshots/smart-infra-overview.webp | /screenshots/infrastructure-water-farms.webp | /screenshots/infrastructure-road-progress.webp | /screenshots/infrastructure-water-15may.webp | /screenshots/smart-infra-main.webp | /screenshots/smart-infra-field.webp","Actual network applications: user-provided 29 Sept screenshots (water and roads) and infrastructure demonstration presentation.","provided_project_evidence","confirmed"
"ainsijam","Ain Sijam — Real Estate Intelligence","standalone project","verified","/screenshots/ainsijam-live.jpg","/screenshots/ainsijam-live.jpg","Captured directly from the project's own live interface at https://ain-sijam-real-estate.vercel.app/. The direct project hostname and visible Arabic product name identify Ain Sijam.","https://ain-sijam-real-estate.vercel.app/","confirmed"
"redsea","Red Sea Global — GIS Monitoring","standalone project","verified","/screenshots/redsea-live.jpg","/screenshots/redsea-live.jpg","Captured directly from the project's own live interface at https://rsgis.vercel.app/. The live interface identifies the Red Sea Global GIS monitoring application.","https://rsgis.vercel.app/","confirmed"
"riqportal","REEQ — Smart Water Management Portal","standalone project","pending","","","The project URL is reachable and its identity is confirmed, but it stops at a login screen; the login page is not used as project screenshot evidence.","https://riqportal.ai.studio/","confirmed"
"portfolio","Saad Barghouth — Portfolio","standalone project","verified","/screenshots/portfolio-live.jpg","/screenshots/portfolio-live.jpg | /screenshots/portfolio-live-mobile.jpg","Captured directly from the project's own live interface at https://www.barghouth.me/. The live page is Saad Barghouth's professional GIS/Web GIS portfolio.","https://www.barghouth.me/","confirmed"
"damietta","Damietta Port — Enterprise Geodatabase","standalone project","pending","","","No exact inside-the-project screenshot verified in accessible materials.","",""
"qgis-editing","QGIS + PostGIS Collaborative Editing","standalone project","pending","","","No exact inside-the-project screenshot verified in accessible materials.","",""
"survey123","Survey123 Field Survey Program","standalone project","pending","","","No exact inside-the-project screenshot verified in accessible materials.","",""
"metro","Metro Line 3 Survey Applications","standalone project","pending","","","No exact inside-the-project screenshot verified in accessible materials.","",""
"ports","Seaport Survey Workflows","standalone project","pending","","","No exact inside-the-project screenshot verified in accessible materials.","",""
"timesheet","Team Timesheet & Analytics Dashboard","standalone project","pending","","","No exact inside-the-project screenshot verified in accessible materials.","",""
"geohr","Geo Geomatics HR & Operations System","standalone project","pending","","","No exact inside-the-project screenshot verified in accessible materials.","",""
"gis-automator","ArcPy Geodatabase Automation","standalone project","verified","/screenshots/gis-automator-main.webp","/screenshots/gis-automator-main.webp | /screenshots/gis-automator-steps.webp | /screenshots/gis-automator-run.webp","ModelBuilder source evidence from geodatabase automation GIS tool diagrams and execution results.","provided_project_evidence",""
"geojson-data","Multi-City GeoJSON Data Conversion","standalone project","pending","","","No exact inside-the-project screenshot verified in accessible materials.","",""
"transport-dashboard-5c855c890c","Urban Land Dashboard — Western Upper Egypt","standalone project","verified","/screenshots/transport-dashboard-5c855c890c.webp","/screenshots/transport-dashboard-5c855c890c.webp","Exact project titled لوحة مؤشرات الأراضي العمرانية – طريق الصعيد الغربي in slide 8 of تطبيقات_منصة_وزارة_النقل.pptx; embedded app screenshot saved without visual generation.","تطبيقات_منصة_وزارة_النقل.pptx","confirmed"
"transport-dashboard-4236f7c912","Agriculture & Industry Dashboard — Western Upper Egypt","standalone project","verified","/screenshots/transport-dashboard-4236f7c912.webp","/screenshots/transport-dashboard-4236f7c912.webp","Exact project titled لوحة مؤشرات الأراضي الزراعية والصناعية – طريق الصعيد الغربي in slide 9 of تطبيقات_منصة_وزارة_النقل.pptx; embedded app screenshot saved without visual generation.","تطبيقات_منصة_وزارة_النقل.pptx","confirmed"
"transport-dashboard-49446055c2","Land Prices Dashboard — Western Upper Egypt","standalone project","verified","/screenshots/transport-dashboard-49446055c2.webp","/screenshots/transport-dashboard-49446055c2.webp","Exact project titled لوحة مؤشرات أسعار الأراضي – طريق الصعيد الغربي in slide 11 of تطبيقات_منصة_وزارة_النقل.pptx; embedded app screenshot saved without visual generation.","تطبيقات_منصة_وزارة_النقل.pptx","confirmed"
"transport-storymap-92d2a80d7f","Interactive StoryMap — Western Upper Egypt","standalone project","verified","/screenshots/transport-storymap-92d2a80d7f.webp","/screenshots/transport-storymap-92d2a80d7f.webp","Exact project titled القصة المكانية – طريق الصعيد الغربي in slide 6 of تطبيقات_منصة_وزارة_النقل_الشاشات_الكاملة_RTL.pptx; embedded app screenshot saved without visual generation.","تطبيقات_منصة_وزارة_النقل_الشاشات_الكاملة_RTL.pptx","confirmed"
"transport-dashboard-ismailia-urban","Urban Land Dashboard — Cairo–Ismailia","standalone project","verified","/screenshots/transport-dashboard-ismailia-urban.webp","/screenshots/transport-dashboard-ismailia-urban.webp","Exact project titled لوحة مؤشرات الأراضي العمرانية – طريق القاهرة–الإسماعيلية in slide 3 of تطبيقات_منصة_وزارة_النقل.pptx; embedded app screenshot saved without visual generation.","تطبيقات_منصة_وزارة_النقل.pptx","confirmed"
"transport-dashboard-ismailia-development-impact","Development Impact Dashboard — Cairo–Ismailia","standalone project","verified","/screenshots/cairo-impact-main.webp","/screenshots/cairo-impact-main.webp | /screenshots/transport-dashboard-ismailia-development-impact.webp","Cairo–Ismailia development dashboard embedded screenshots from the project-specific ministry transport presentation.","transport_presentation","confirmed"
"transport-dashboard-ismailia-agriculture","Agriculture & Industry Dashboard — Cairo–Ismailia","standalone project","verified","/screenshots/transport-dashboard-ismailia-agriculture.webp","/screenshots/transport-dashboard-ismailia-agriculture.webp","Exact project titled لوحة مؤشرات الأراضي الزراعية والصناعية – طريق القاهرة–الإسماعيلية in slide 4 of تطبيقات_منصة_وزارة_النقل.pptx; embedded app screenshot saved without visual generation.","تطبيقات_منصة_وزارة_النقل.pptx","confirmed"
"transport-dashboard-ismailia-prices","Land Prices Dashboard — Cairo–Ismailia","standalone project","verified","/screenshots/transport-dashboard-ismailia-prices.webp","/screenshots/transport-dashboard-ismailia-prices.webp","Exact project titled لوحة مؤشرات أسعار الأراضي – طريق القاهرة–الإسماعيلية in slide 6 of تطبيقات_منصة_وزارة_النقل.pptx; embedded app screenshot saved without visual generation.","تطبيقات_منصة_وزارة_النقل.pptx","confirmed"
"transport-storymap-ismailia","Interactive StoryMap — Cairo–Ismailia","standalone project","verified","/screenshots/transport-storymap-ismailia.webp","/screenshots/transport-storymap-ismailia.webp","Exact project titled القصة المكانية التفاعلية – طريق القاهرة–الإسماعيلية in slide 12 of تطبيقات_منصة_وزارة_النقل_الشاشات_الكاملة_RTL.pptx; embedded app screenshot saved without visual generation.","تطبيقات_منصة_وزارة_النقل_الشاشات_الكاملة_RTL.pptx","confirmed"
"transport-dashboard-686d8234e8","Urban Land Dashboard — Cairo–Suez","standalone project","verified","/screenshots/transport-dashboard-686d8234e8.webp","/screenshots/transport-dashboard-686d8234e8.webp","Exact project titled لوحة مؤشرات الأراضي العمرانية – طريق القاهرة - السويس الصحراوي in slide 14 of تطبيقات_منصة_وزارة_النقل_الشاشات_الكاملة_RTL.pptx; embedded app screenshot saved without visual generation.","تطبيقات_منصة_وزارة_النقل_الشاشات_الكاملة_RTL.pptx","confirmed"
"transport-dashboard-8a75afd782","Agriculture & Industry Dashboard — Cairo–Suez","standalone project","verified","/screenshots/transport-dashboard-8a75afd782.webp","/screenshots/transport-dashboard-8a75afd782.webp","Exact project titled لوحة مؤشرات الأراضي الزراعية والصناعية – طريق القاهرة - السويس الصحراوي in slide 15 of تطبيقات_منصة_وزارة_النقل_الشاشات_الكاملة_RTL.pptx; embedded app screenshot saved without visual generation.","تطبيقات_منصة_وزارة_النقل_الشاشات_الكاملة_RTL.pptx","confirmed"
"transport-dashboard-4b4547b902","Land Prices Dashboard — Cairo–Suez","standalone project","verified","/screenshots/transport-dashboard-4b4547b902.webp","/screenshots/transport-dashboard-4b4547b902.webp","Exact project titled لوحة مؤشرات أسعار الأراضي – طريق القاهرة - السويس الصحراوي in slide 16 of تطبيقات_منصة_وزارة_النقل_الشاشات_الكاملة_RTL.pptx; embedded app screenshot saved without visual generation.","تطبيقات_منصة_وزارة_النقل_الشاشات_الكاملة_RTL.pptx","confirmed"
"transport-storymap-739c03527e","Interactive StoryMap — Cairo–Suez","standalone project","verified","/screenshots/transport-storymap-739c03527e.webp","/screenshots/transport-storymap-739c03527e.webp","Exact project titled القصة المكانية – طريق القاهرة - السويس الصحراوي - (السويس الحر) in slide 17 of تطبيقات_منصة_وزارة_النقل_الشاشات_الكاملة_RTL.pptx; embedded app screenshot saved without visual generation.","تطبيقات_منصة_وزارة_النقل_الشاشات_الكاملة_RTL.pptx","confirmed"
"transport-dashboard-ab7611e2f4","Urban Land Dashboard — Eastern Regional Ring Road","standalone project","verified","/screenshots/transport-dashboard-ab7611e2f4.webp","/screenshots/transport-dashboard-ab7611e2f4.webp","Exact project titled لوحة مؤشرات الأراضي العمرانية – القوس الشرقي للطريق الدائري الإقليمي وخط الروبيكي in slide 13 of تطبيقات_منصة_وزارة_النقل.pptx; embedded app screenshot saved without visual generation.","تطبيقات_منصة_وزارة_النقل.pptx","confirmed"
"transport-dashboard-b99ee8d8fc","Agriculture & Industry Dashboard — Eastern Regional Ring Road","standalone project","verified","/screenshots/transport-dashboard-b99ee8d8fc.webp","/screenshots/transport-dashboard-b99ee8d8fc.webp","Exact project titled لوحة مؤشرات الأراضي الزراعية والصناعية – القوس الشرقي للطريق الدائري الإقليمي وخط الروبيكي in slide 14 of تطبيقات_منصة_وزارة_النقل.pptx; embedded app screenshot saved without visual generation.","تطبيقات_منصة_وزارة_النقل.pptx","confirmed"
"transport-dashboard-04811fcd6f","Land Prices Dashboard — Eastern Regional Ring Road","standalone project","verified","/screenshots/transport-dashboard-04811fcd6f.webp","/screenshots/transport-dashboard-04811fcd6f.webp","Exact project titled لوحة مؤشرات أسعار الأراضي – القوس الشرقي للطريق الدائري الإقليمي وخط الروبيكي in slide 16 of تطبيقات_منصة_وزارة_النقل.pptx; embedded app screenshot saved without visual generation.","تطبيقات_منصة_وزارة_النقل.pptx","confirmed"
"transport-storymap-3678b8faa7","Interactive StoryMap — Eastern Regional Ring Road","standalone project","verified","/screenshots/transport-storymap-3678b8faa7.webp","/screenshots/transport-storymap-3678b8faa7.webp","Exact project titled القصة المكانية – منطقة الدراسة القوس الشرقى للدائرى الأقليمى و خط الروبيكى in slide 22 of تطبيقات_منصة_وزارة_النقل_الشاشات_الكاملة_RTL.pptx; embedded app screenshot saved without visual generation.","تطبيقات_منصة_وزارة_النقل_الشاشات_الكاملة_RTL.pptx","confirmed"
"transport-dashboard-064fecc5d9","Urban Land Dashboard — Kalabsha","standalone project","verified","/screenshots/transport-dashboard-064fecc5d9.webp","/screenshots/transport-dashboard-064fecc5d9.webp","Exact project titled لوحة مؤشرات الأراضي العمرانية – طريق كلابشة in slide 24 of تطبيقات_منصة_وزارة_النقل_الشاشات_الكاملة_RTL.pptx; embedded app screenshot saved without visual generation.","تطبيقات_منصة_وزارة_النقل_الشاشات_الكاملة_RTL.pptx","confirmed"
"transport-dashboard-989c5ff2f9","Agriculture Dashboard — Kalabsha","standalone project","verified","/screenshots/transport-dashboard-989c5ff2f9.webp","/screenshots/transport-dashboard-989c5ff2f9.webp","Exact project titled لوحة مؤشرات الأراضي الزراعية – طريق كلابشة in slide 25 of تطبيقات_منصة_وزارة_النقل_الشاشات_الكاملة_RTL.pptx; embedded app screenshot saved without visual generation.","تطبيقات_منصة_وزارة_النقل_الشاشات_الكاملة_RTL.pptx","confirmed"
"transport-dashboard-2529bc0ae6","Land Prices Dashboard — Kalabsha","standalone project","verified","/screenshots/transport-dashboard-2529bc0ae6.webp","/screenshots/transport-dashboard-2529bc0ae6.webp","Exact project titled لوحة مؤشرات أسعار الأراضي – طريق كلابشة in slide 26 of تطبيقات_منصة_وزارة_النقل_الشاشات_الكاملة_RTL.pptx; embedded app screenshot saved without visual generation.","تطبيقات_منصة_وزارة_النقل_الشاشات_الكاملة_RTL.pptx","confirmed"
"transport-storymap-3c8f04f4d0","Land-Use Change StoryMap — Kalabsha","standalone project","verified","/screenshots/transport-storymap-3c8f04f4d0.webp","/screenshots/transport-storymap-3c8f04f4d0.webp","Exact project titled تطور الاراضي المحيطة بطريق كلابشة in slide 27 of تطبيقات_منصة_وزارة_النقل_الشاشات_الكاملة_RTL.pptx; embedded app screenshot saved without visual generation.","تطبيقات_منصة_وزارة_النقل_الشاشات_الكاملة_RTL.pptx","confirmed"
"transport-dashboard-1cb1e42f43","Urban Land Dashboard — South Dahshur","standalone project","verified","/screenshots/transport-dashboard-1cb1e42f43.webp","/screenshots/transport-dashboard-1cb1e42f43.webp","Exact project titled لوحة مؤشرات الأراضي العمرانية – وصلة دهشور الجنوبية in slide 29 of تطبيقات_منصة_وزارة_النقل_الشاشات_الكاملة_RTL.pptx; embedded app screenshot saved without visual generation.","تطبيقات_منصة_وزارة_النقل_الشاشات_الكاملة_RTL.pptx","confirmed"
"transport-dashboard-97daea1db8","Agriculture & Industry Dashboard — South Dahshur","standalone project","verified","/screenshots/transport-dashboard-97daea1db8.webp","/screenshots/transport-dashboard-97daea1db8.webp","Exact project titled لوحة مؤشرات الأراضي الزراعية والصناعية – وصلة دهشور الجنوبية in slide 30 of تطبيقات_منصة_وزارة_النقل_الشاشات_الكاملة_RTL.pptx; embedded app screenshot saved without visual generation.","تطبيقات_منصة_وزارة_النقل_الشاشات_الكاملة_RTL.pptx","confirmed"
"transport-dashboard-687e564801","Land Prices Dashboard — South Dahshur","standalone project","verified","/screenshots/transport-dashboard-687e564801.webp","/screenshots/transport-dashboard-687e564801.webp","Exact project titled لوحة مؤشرات أسعار الأراضي – وصلة دهشور الجنوبية in slide 31 of تطبيقات_منصة_وزارة_النقل_الشاشات_الكاملة_RTL.pptx; embedded app screenshot saved without visual generation.","تطبيقات_منصة_وزارة_النقل_الشاشات_الكاملة_RTL.pptx","confirmed"
"transport-storymap-dahshur","Interactive StoryMap — South Dahshur","standalone project","verified","/screenshots/transport-storymap-dahshur.webp","/screenshots/transport-storymap-dahshur.webp","Exact project titled القصة المكانية التفاعلية – وصلة دهشور الجنوبية in slide 32 of تطبيقات_منصة_وزارة_النقل_الشاشات_الكاملة_RTL.pptx; embedded app screenshot saved without visual generation.","تطبيقات_منصة_وزارة_النقل_الشاشات_الكاملة_RTL.pptx","confirmed"
"transport-dashboard-3e59ea73ec","Urban Land Dashboard — Qus","standalone project","verified","/screenshots/transport-dashboard-3e59ea73ec.webp","/screenshots/transport-dashboard-3e59ea73ec.webp","Exact project titled لوحة مؤشرات الأراضي العمرانية – طريق قوص in slide 18 of تطبيقات_منصة_وزارة_النقل.pptx; embedded app screenshot saved without visual generation.","تطبيقات_منصة_وزارة_النقل.pptx","confirmed"
"transport-dashboard-5a3aaa3b3a","Agriculture & Industry Dashboard — Qus","standalone project","verified","/screenshots/transport-dashboard-5a3aaa3b3a.webp","/screenshots/transport-dashboard-5a3aaa3b3a.webp","Exact project titled لوحة مؤشرات الأراضي الزراعية والصناعية – طريق قوص in slide 19 of تطبيقات_منصة_وزارة_النقل.pptx; embedded app screenshot saved without visual generation.","تطبيقات_منصة_وزارة_النقل.pptx","confirmed"
"transport-dashboard-58fefdb551","Land Prices Dashboard — Qus","standalone project","verified","/screenshots/transport-dashboard-58fefdb551.webp","/screenshots/transport-dashboard-58fefdb551.webp","Exact project titled لوحة مؤشرات أسعار الأراضي – طريق قوص in slide 21 of تطبيقات_منصة_وزارة_النقل.pptx; embedded app screenshot saved without visual generation.","تطبيقات_منصة_وزارة_النقل.pptx","confirmed"
"transport-storymap-bd328e2a5b","Land-Use Change StoryMap — Qus","standalone project","verified","/screenshots/transport-storymap-bd328e2a5b.webp","/screenshots/transport-storymap-bd328e2a5b.webp","Exact project titled تطور الاراضي المحيطة بطريق قوص in slide 37 of تطبيقات_منصة_وزارة_النقل_الشاشات_الكاملة_RTL.pptx; embedded app screenshot saved without visual generation.","تطبيقات_منصة_وزارة_النقل_الشاشات_الكاملة_RTL.pptx","confirmed"
"transport-dashboard-24259ddcec","Urban Land Dashboard — Qena–Luxor","standalone project","verified","/screenshots/transport-dashboard-24259ddcec.webp","/screenshots/transport-dashboard-24259ddcec.webp","Exact project titled لوحة مؤشرات الأراضي العمرانية – طريق قنا - الأقصر in slide 39 of تطبيقات_منصة_وزارة_النقل_الشاشات_الكاملة_RTL.pptx; embedded app screenshot saved without visual generation.","تطبيقات_منصة_وزارة_النقل_الشاشات_الكاملة_RTL.pptx","confirmed"
"transport-dashboard-0c7d78be88","Agriculture Dashboard — Qena–Luxor","standalone project","verified","/screenshots/transport-dashboard-0c7d78be88.webp","/screenshots/transport-dashboard-0c7d78be88.webp","Exact project titled لوحة مؤشرات الأراضي الزراعية – طريق قنا - الأقصر in slide 40 of تطبيقات_منصة_وزارة_النقل_الشاشات_الكاملة_RTL.pptx; embedded app screenshot saved without visual generation.","تطبيقات_منصة_وزارة_النقل_الشاشات_الكاملة_RTL.pptx","confirmed"
"transport-dashboard-048f4e4237","Land Prices Dashboard — Qena–Luxor","standalone project","verified","/screenshots/transport-dashboard-048f4e4237.webp","/screenshots/transport-dashboard-048f4e4237.webp","Exact project titled لوحة مؤشرات أسعار الأراضي – طريق قنا - الأقصر in slide 41 of تطبيقات_منصة_وزارة_النقل_الشاشات_الكاملة_RTL.pptx; embedded app screenshot saved without visual generation.","تطبيقات_منصة_وزارة_النقل_الشاشات_الكاملة_RTL.pptx","confirmed"
"transport-storymap-e98ec507f5","Land-Use Change StoryMap — Qena–Luxor","standalone project","verified","/screenshots/transport-storymap-e98ec507f5.webp","/screenshots/transport-storymap-e98ec507f5.webp","Exact project titled تطور الاراضي المحيطة بطريق قنا الأقصر in slide 42 of تطبيقات_منصة_وزارة_النقل_الشاشات_الكاملة_RTL.pptx; embedded app screenshot saved without visual generation.","تطبيقات_منصة_وزارة_النقل_الشاشات_الكاملة_RTL.pptx","confirmed"
"transport-dashboard-c79fcd32aa","Urban Land Dashboard — Dabaa","standalone project","verified","/screenshots/transport-dashboard-c79fcd32aa.webp","/screenshots/transport-dashboard-c79fcd32aa.webp","Exact project titled لوحة مؤشرات الأراضي العمرانية – طريق الضبعة in slide 28 of تطبيقات_منصة_وزارة_النقل.pptx; embedded app screenshot saved without visual generation.","تطبيقات_منصة_وزارة_النقل.pptx","confirmed"
"transport-dashboard-c1e29f0123","Agriculture Dashboard — Dabaa","standalone project","verified","/screenshots/transport-dashboard-c1e29f0123.webp","/screenshots/transport-dashboard-c1e29f0123.webp","Exact project titled لوحة مؤشرات الأراضي الزراعية – طريق الضبعة in slide 45 of تطبيقات_منصة_وزارة_النقل_الشاشات_الكاملة_RTL.pptx; embedded app screenshot saved without visual generation.","تطبيقات_منصة_وزارة_النقل_الشاشات_الكاملة_RTL.pptx","confirmed"
"transport-dashboard-594d7c7ff4","Land Prices Dashboard — Dabaa","standalone project","verified","/screenshots/transport-dashboard-594d7c7ff4.webp","/screenshots/transport-dashboard-594d7c7ff4.webp","Exact project titled لوحة مؤشرات أسعار الأراضي – طريق الضبعة in slide 30 of تطبيقات_منصة_وزارة_النقل.pptx; embedded app screenshot saved without visual generation.","تطبيقات_منصة_وزارة_النقل.pptx","confirmed"
"transport-storymap-3bc68f337f","Land-Use Change StoryMap — Dabaa","standalone project","verified","/screenshots/transport-storymap-3bc68f337f.webp","/screenshots/transport-storymap-3bc68f337f.webp","Exact project titled تطور الأراضي المحيطة بطريق الضبعة in slide 47 of تطبيقات_منصة_وزارة_النقل_الشاشات_الكاملة_RTL.pptx; embedded app screenshot saved without visual generation.","تطبيقات_منصة_وزارة_النقل_الشاشات_الكاملة_RTL.pptx","confirmed"
"transport-dashboard-western-upper-egypt-development-impact","Economic & Development Dashboard — Western Upper Egypt","standalone project","verified","/screenshots/transport-dashboard-western-upper-egypt-development-impact.webp","/screenshots/transport-dashboard-western-upper-egypt-development-impact.webp","Exact project titled لوحة الأثر الاقتصادي و التنموي– طريق الصعيد الغربي in slide 10 of تطبيقات_منصة_وزارة_النقل.pptx; embedded app screenshot saved without visual generation.","تطبيقات_منصة_وزارة_النقل.pptx","confirmed"
"transport-dashboard-35c11a505b","Economic & Development Dashboard — Eastern Regional Ring Road","standalone project","verified","/screenshots/transport-dashboard-35c11a505b.webp","/screenshots/transport-dashboard-35c11a505b.webp","Exact project titled لوحة الأثر الاقتصادي و التنموي–القوس الشرقي للطريق الدائري الإقليمي وخط الروبيكي in slide 15 of تطبيقات_منصة_وزارة_النقل.pptx; embedded app screenshot saved without visual generation.","تطبيقات_منصة_وزارة_النقل.pptx","confirmed"
"transport-dashboard-qus-development-impact","Economic & Development Dashboard — Qus","standalone project","verified","/screenshots/transport-dashboard-qus-development-impact.webp","/screenshots/transport-dashboard-qus-development-impact.webp","Exact project titled لوحة الأثر الاقتصادي و التنموي– محور قوص in slide 20 of تطبيقات_منصة_وزارة_النقل.pptx; embedded app screenshot saved without visual generation.","تطبيقات_منصة_وزارة_النقل.pptx","confirmed"
"transport-dashboard-kalabsha-development-impact","Economic & Development Dashboard — Kalabsha","standalone project","verified","/screenshots/transport-dashboard-kalabsha-development-impact.webp","/screenshots/transport-dashboard-kalabsha-development-impact.webp","Exact project titled لوحة الأثر الاقتصادي و التنموي– محور كلابشة in slide 25 of تطبيقات_منصة_وزارة_النقل.pptx; embedded app screenshot saved without visual generation.","تطبيقات_منصة_وزارة_النقل.pptx","confirmed"
"transport-dashboard-dabaa-development-impact","Economic & Development Dashboard — Dabaa","standalone project","verified","/screenshots/transport-dashboard-dabaa-development-impact.webp","/screenshots/transport-dashboard-dabaa-development-impact.webp","Exact project titled لوحة الأثر الاقتصادي و التنموي– محور الضبعة in slide 29 of تطبيقات_منصة_وزارة_النقل.pptx; embedded app screenshot saved without visual generation.","تطبيقات_منصة_وزارة_النقل.pptx","confirmed"
"obour-city-website","New Obour City Infrastructure Portal","standalone project","pending","","","No exact app screenshot collected yet.","",""
"obour-utility-dashboards","New Obour City Utility Dashboards","standalone project","pending","","","No exact app screenshot collected yet.","",""
"matrouh-survey-portal","Matrouh Field Survey Portal","standalone project","pending","","","No exact app screenshot collected yet.","",""
"westafrica-economic","West Africa Economic Development Dashboard","standalone project","pending","","","No exact app screenshot collected yet.","",""
"vodafone-poc","Vodafone GIS Proof-of-Concept Data Conversion","standalone project","pending","","","No exact app screenshot collected yet.","",""
"salhiya-geojson","El Salhiya GIS Datasets","standalone project","pending","","","No exact app screenshot collected yet.","",""
"suez-geojson","Suez GIS Datasets","standalone project","pending","","","No exact app screenshot collected yet.","",""
"may15-geojson","15 May City GIS Datasets","standalone project","pending","","","No exact app screenshot collected yet.","",""
"industrial-field-survey","Industrial Sector Survey123 System","standalone project","pending","","","No exact app screenshot collected yet.","",""
"tourism-field-survey","Tourism Sector Survey123 System","standalone project","pending","","","No exact app screenshot collected yet.","",""
"agriculture-field-survey","Agriculture Survey123 System","standalone project","pending","","","No exact app screenshot collected yet.","",""
"fish-farms-field-survey","Fish Farms Survey123 System","standalone project","pending","","","No exact app screenshot collected yet.","",""
"rsg-destinations","RSG Regenerative Destination Management","standalone project","verified","/screenshots/rsg-destinations-5.webp","/screenshots/rsg-destinations-5.webp | /screenshots/rsg-destinations-6.webp | /screenshots/rsg-destinations-8.webp","Original RSG Destination Management prototype screenshots shown within this exact RSG application walkthrough.","RSG_Destination_Management_Platform_Detailed_Explainer_EN.pptx",""
"cloud-run-preview-wky6","Vodafone Passive Network — GIS Utility Dashboard","standalone project","verified","/screenshots/cloud-run-preview-wky6-live.jpg","/screenshots/cloud-run-preview-wky6-live.jpg | /screenshots/cloud-run-preview-wky6-live-mobile.jpg","Captured directly from the project's own live interface at https://ais-pre-wky6oqrv4sqsmfc2u255y4-765485755783.europe-west2.run.app/. Visible page title and heading identify Vodafone Passive Network — GIS Utility Dashboard.","https://ais-pre-wky6oqrv4sqsmfc2u255y4-765485755783.europe-west2.run.app/","confirmed"
"cloud-run-preview-eec2","Red Sea Global — Geospatial Intelligence & Remote-Sensing Pitch","related deployment of rsg-destinations","verified","/screenshots/cloud-run-preview-eec2-live.jpg","/screenshots/cloud-run-preview-eec2-live.jpg | /screenshots/cloud-run-preview-eec2-live-mobile.jpg","Captured directly from the project's own live interface at https://ais-pre-eec2t27f2vkdxv75lhrmiw-631023896665.europe-west2.run.app/. Visible page title and interface identify a Red Sea Global geospatial and remote-sensing pitch.","https://ais-pre-eec2t27f2vkdxv75lhrmiw-631023896665.europe-west2.run.app/","confirmed"
